ISO-10303-21;
HEADER;
FILE_DESCRIPTION(('FreeCAD Model'),'2;1');
FILE_NAME('Open CASCADE Shape Model','2026-02-17T17:16:34',(''),(''),
  'Open CASCADE STEP processor 7.9','FreeCAD','Unknown');
FILE_SCHEMA(('AUTOMOTIVE_DESIGN { 1 0 10303 214 1 1 1 1 }'));
ENDSEC;
DATA;
#1 = APPLICATION_PROTOCOL_DEFINITION('international standard',
  'automotive_design',2000,#2);
#2 = APPLICATION_CONTEXT(
  'core data for automotive mechanical design processes');
#3 = SHAPE_DEFINITION_REPRESENTATION(#4,#10);
#4 = PRODUCT_DEFINITION_SHAPE('','',#5);
#5 = PRODUCT_DEFINITION('design','',#6,#9);
#6 = PRODUCT_DEFINITION_FORMATION('','',#7);
#7 = PRODUCT('Filleted','Filleted','',(#8));
#8 = PRODUCT_CONTEXT('',#2,'mechanical');
#9 = PRODUCT_DEFINITION_CONTEXT('part definition',#2,'design');
#10 = ADVANCED_BREP_SHAPE_REPRESENTATION('',(#11,#15),#3791);
#11 = AXIS2_PLACEMENT_3D('',#12,#13,#14);
#12 = CARTESIAN_POINT('',(0.,0.,0.));
#13 = DIRECTION('',(0.,0.,1.));
#14 = DIRECTION('',(1.,0.,-0.));
#15 = MANIFOLD_SOLID_BREP('',#16);
#16 = CLOSED_SHELL('',(#17,#82,#114,#147,#200,#226,#259,#284,#346,#372,
    #477,#533,#690,#707,#836,#861,#885,#902,#958,#976,#994,#1019,#1037,
    #1055,#1081,#1114,#1139,#1201,#1225,#1251,#1276,#1301,#1334,#1367,
    #1400,#1426,#1452,#1477,#1502,#1535,#1566,#1590,#1614,#1631,#1649,
    #1680,#1724,#1777,#1830,#1883,#1916,#1949,#2002,#2055,#2088,#2113,
    #2138,#2155,#2167,#2189,#2200,#2220,#2231,#2248,#2265,#2303,#2321,
    #2339,#2364,#2406,#2424,#2436,#2462,#2493,#2532,#2554,#2576,#2618,
    #2636,#2678,#2696,#2727,#2773,#2784,#2863,#2942,#2959,#2976,#3007,
    #3024,#3041,#3072,#3151,#3182,#3206,#3253,#3270,#3294,#3314,#3332,
    #3350,#3389,#3401,#3413,#3431,#3449,#3488,#3500,#3512,#3536,#3560,
    #3577,#3593,#3602,#3626,#3651,#3676,#3685,#3705,#3725,#3749,#3773,
    #3782));
#17 = ADVANCED_FACE('',(#18),#77,.T.);
#18 = FACE_BOUND('',#19,.T.);
#19 = EDGE_LOOP('',(#20,#30,#38,#47,#55,#63,#71));
#20 = ORIENTED_EDGE('',*,*,#21,.T.);
#21 = EDGE_CURVE('',#22,#24,#26,.T.);
#22 = VERTEX_POINT('',#23);
#23 = CARTESIAN_POINT('',(5.5,-118.,73.5));
#24 = VERTEX_POINT('',#25);
#25 = CARTESIAN_POINT('',(5.5,-102.5,73.5));
#26 = LINE('',#27,#28);
#27 = CARTESIAN_POINT('',(5.5,-118.,73.5));
#28 = VECTOR('',#29,1.);
#29 = DIRECTION('',(0.,1.,-2.22044604925E-16));
#30 = ORIENTED_EDGE('',*,*,#31,.T.);
#31 = EDGE_CURVE('',#24,#32,#34,.T.);
#32 = VERTEX_POINT('',#33);
#33 = CARTESIAN_POINT('',(5.5,-102.5,-21.5));
#34 = LINE('',#35,#36);
#35 = CARTESIAN_POINT('',(5.5,-102.5,73.5));
#36 = VECTOR('',#37,1.);
#37 = DIRECTION('',(0.,-2.22044604925E-16,-1.));
#38 = ORIENTED_EDGE('',*,*,#39,.T.);
#39 = EDGE_CURVE('',#32,#40,#42,.T.);
#40 = VERTEX_POINT('',#41);
#41 = CARTESIAN_POINT('',(5.5,-86.,-38.));
#42 = CIRCLE('',#43,16.5);
#43 = AXIS2_PLACEMENT_3D('',#44,#45,#46);
#44 = CARTESIAN_POINT('',(5.5,-86.,-21.5));
#45 = DIRECTION('',(1.,0.,-0.));
#46 = DIRECTION('',(0.,-1.,2.368475785867E-16));
#47 = ORIENTED_EDGE('',*,*,#48,.T.);
#48 = EDGE_CURVE('',#40,#49,#51,.T.);
#49 = VERTEX_POINT('',#50);
#50 = CARTESIAN_POINT('',(5.5,-23.,-38.));
#51 = LINE('',#52,#53);
#52 = CARTESIAN_POINT('',(5.5,-86.,-38.));
#53 = VECTOR('',#54,1.);
#54 = DIRECTION('',(0.,1.,2.22044604925E-16));
#55 = ORIENTED_EDGE('',*,*,#56,.F.);
#56 = EDGE_CURVE('',#57,#49,#59,.T.);
#57 = VERTEX_POINT('',#58);
#58 = CARTESIAN_POINT('',(5.5,-23.,-58.5));
#59 = LINE('',#60,#61);
#60 = CARTESIAN_POINT('',(5.5,-23.,-61.5));
#61 = VECTOR('',#62,1.);
#62 = DIRECTION('',(0.,-2.22044604925E-16,1.));
#63 = ORIENTED_EDGE('',*,*,#64,.F.);
#64 = EDGE_CURVE('',#65,#57,#67,.T.);
#65 = VERTEX_POINT('',#66);
#66 = CARTESIAN_POINT('',(5.5,-118.,-58.5));
#67 = LINE('',#68,#69);
#68 = CARTESIAN_POINT('',(5.5,-121.,-58.5));
#69 = VECTOR('',#70,1.);
#70 = DIRECTION('',(0.,1.,2.22044604925E-16));
#71 = ORIENTED_EDGE('',*,*,#72,.F.);
#72 = EDGE_CURVE('',#22,#65,#73,.T.);
#73 = LINE('',#74,#75);
#74 = CARTESIAN_POINT('',(5.5,-118.,78.5));
#75 = VECTOR('',#76,1.);
#76 = DIRECTION('',(0.,-2.22044604925E-16,-1.));
#77 = PLANE('',#78);
#78 = AXIS2_PLACEMENT_3D('',#79,#80,#81);
#79 = CARTESIAN_POINT('',(5.5,-90.84453781512,-10.34453781512));
#80 = DIRECTION('',(-1.,0.,0.));
#81 = DIRECTION('',(0.,1.,2.22044604925E-16));
#82 = ADVANCED_FACE('',(#83),#109,.F.);
#83 = FACE_BOUND('',#84,.T.);
#84 = EDGE_LOOP('',(#85,#86,#94,#102));
#85 = ORIENTED_EDGE('',*,*,#21,.F.);
#86 = ORIENTED_EDGE('',*,*,#87,.T.);
#87 = EDGE_CURVE('',#22,#88,#90,.T.);
#88 = VERTEX_POINT('',#89);
#89 = CARTESIAN_POINT('',(0.5,-118.,78.5));
#90 = ( BOUNDED_CURVE() B_SPLINE_CURVE(2,(#91,#92,#93),.UNSPECIFIED.,.F.
,.F.) B_SPLINE_CURVE_WITH_KNOTS((3,3),(0.,5.730291349302),
.PIECEWISE_BEZIER_KNOTS.) CURVE() GEOMETRIC_REPRESENTATION_ITEM() 
RATIONAL_B_SPLINE_CURVE((1.,0.707106781187,1.)) REPRESENTATION_ITEM('') 
  );
#91 = CARTESIAN_POINT('',(5.5,-118.,73.5));
#92 = CARTESIAN_POINT('',(5.5,-118.,78.5));
#93 = CARTESIAN_POINT('',(0.5,-118.,78.5));
#94 = ORIENTED_EDGE('',*,*,#95,.T.);
#95 = EDGE_CURVE('',#88,#96,#98,.T.);
#96 = VERTEX_POINT('',#97);
#97 = CARTESIAN_POINT('',(0.5,-102.5,78.5));
#98 = LINE('',#99,#100);
#99 = CARTESIAN_POINT('',(0.5,-118.,78.5));
#100 = VECTOR('',#101,1.);
#101 = DIRECTION('',(0.,1.,-2.22044604925E-16));
#102 = ORIENTED_EDGE('',*,*,#103,.T.);
#103 = EDGE_CURVE('',#96,#24,#104,.T.);
#104 = CIRCLE('',#105,5.);
#105 = AXIS2_PLACEMENT_3D('',#106,#107,#108);
#106 = CARTESIAN_POINT('',(0.5,-102.5,73.5));
#107 = DIRECTION('',(0.,1.,-2.22044604925E-16));
#108 = DIRECTION('',(4.218847493576E-16,2.22044604925E-16,1.));
#109 = CYLINDRICAL_SURFACE('',#110,5.);
#110 = AXIS2_PLACEMENT_3D('',#111,#112,#113);
#111 = CARTESIAN_POINT('',(0.5,-118.,73.5));
#112 = DIRECTION('',(0.,1.,-2.22044604925E-16));
#113 = DIRECTION('',(1.,0.,0.));
#114 = ADVANCED_FACE('',(#115),#142,.T.);
#115 = FACE_BOUND('',#116,.F.);
#116 = EDGE_LOOP('',(#117,#126,#127,#136));
#117 = ORIENTED_EDGE('',*,*,#118,.T.);
#118 = EDGE_CURVE('',#119,#24,#121,.T.);
#119 = VERTEX_POINT('',#120);
#120 = CARTESIAN_POINT('',(7.,-101.,73.5));
#121 = CIRCLE('',#122,1.5);
#122 = AXIS2_PLACEMENT_3D('',#123,#124,#125);
#123 = CARTESIAN_POINT('',(7.,-102.5,73.5));
#124 = DIRECTION('',(1.386078044752E-16,2.22044604925E-16,1.));
#125 = DIRECTION('',(1.,-3.077711518421E-32,-1.386078044752E-16));
#126 = ORIENTED_EDGE('',*,*,#31,.T.);
#127 = ORIENTED_EDGE('',*,*,#128,.F.);
#128 = EDGE_CURVE('',#129,#32,#131,.T.);
#129 = VERTEX_POINT('',#130);
#130 = CARTESIAN_POINT('',(7.,-101.,-21.5));
#131 = CIRCLE('',#132,1.5);
#132 = AXIS2_PLACEMENT_3D('',#133,#134,#135);
#133 = CARTESIAN_POINT('',(7.,-102.5,-21.5));
#134 = DIRECTION('',(0.,2.22044604925E-16,1.));
#135 = DIRECTION('',(0.,1.,-2.22044604925E-16));
#136 = ORIENTED_EDGE('',*,*,#137,.F.);
#137 = EDGE_CURVE('',#119,#129,#138,.T.);
#138 = LINE('',#139,#140);
#139 = CARTESIAN_POINT('',(7.,-101.,73.5));
#140 = VECTOR('',#141,1.);
#141 = DIRECTION('',(0.,-2.22044604925E-16,-1.));
#142 = CYLINDRICAL_SURFACE('',#143,1.5);
#143 = AXIS2_PLACEMENT_3D('',#144,#145,#146);
#144 = CARTESIAN_POINT('',(7.,-102.5,73.5));
#145 = DIRECTION('',(0.,-2.22044604925E-16,-1.));
#146 = DIRECTION('',(0.,1.,-2.22044604925E-16));
#147 = ADVANCED_FACE('',(#148),#195,.T.);
#148 = FACE_BOUND('',#149,.F.);
#149 = EDGE_LOOP('',(#150,#151,#180,#188));
#150 = ORIENTED_EDGE('',*,*,#72,.F.);
#151 = ORIENTED_EDGE('',*,*,#152,.F.);
#152 = EDGE_CURVE('',#153,#22,#155,.T.);
#153 = VERTEX_POINT('',#154);
#154 = CARTESIAN_POINT('',(8.5,-121.,81.5));
#155 = ( BOUNDED_CURVE() B_SPLINE_CURVE(12,(#156,#157,#158,#159,#160,
    #161,#162,#163,#164,#165,#166,#167,#168,#169,#170,#171,#172,#173,
    #174,#175,#176,#177,#178,#179),.UNSPECIFIED.,.F.,.F.) 
B_SPLINE_CURVE_WITH_KNOTS((13,11,13),(5.540245315209E-06,2.865151214896,
5.730296889547),.UNSPECIFIED.) CURVE() GEOMETRIC_REPRESENTATION_ITEM() 
RATIONAL_B_SPLINE_CURVE((1.,1.,0.999999999999,1.000000000002,
    0.999999999996,1.000000000005,0.999999999994,1.000000000005,
    0.999999999997,1.000000000002,0.999999999999,1.,1.,1.,0.999999999999
    ,1.000000000001,0.999999999998,1.000000000002,0.999999999998,
1.000000000001,0.999999999999,1.,1.,1.)) REPRESENTATION_ITEM('') );
#156 = CARTESIAN_POINT('',(8.5,-121.,81.499999991058));
#157 = CARTESIAN_POINT('',(8.392898440025,-120.9999999142,81.21439582266
    ));
#158 = CARTESIAN_POINT('',(8.285781663714,-120.9957984653,
    80.928785886838));
#159 = CARTESIAN_POINT('',(8.178744632383,-120.9874730249,
    80.643026104027));
#160 = CARTESIAN_POINT('',(8.071822978253,-120.9749823718,
    80.356926966899));
#161 = CARTESIAN_POINT('',(7.965023102413,-120.9582501385,
    80.070224744672));
#162 = CARTESIAN_POINT('',(7.858328744903,-120.9372045335,79.78252373918
    ));
#163 = CARTESIAN_POINT('',(7.751681625814,-120.9117743403,
    79.493203181772));
#164 = CARTESIAN_POINT('',(7.644936157623,-120.8818411929,
    79.201288770946));
#165 = CARTESIAN_POINT('',(7.537788228519,-120.8471481272,
    78.905288850908));
#166 = CARTESIAN_POINT('',(7.429678056952,-120.8071644089,
    78.602995230782));
#167 = CARTESIAN_POINT('',(7.319667117218,-120.7609066379,78.29124864477
    ));
#168 = CARTESIAN_POINT('',(7.092911155209,-120.6525256192,
    77.640089061252));
#169 = CARTESIAN_POINT('',(6.975888397436,-120.5903701546,
    77.300430178168));
#170 = CARTESIAN_POINT('',(6.856142530651,-120.5181273915,
    76.944910847967));
#171 = CARTESIAN_POINT('',(6.719971431247,-120.4351225838,
    76.555050059474));
#172 = CARTESIAN_POINT('',(6.598606374054,-120.327680813,76.167082818334
    ));
#173 = CARTESIAN_POINT('',(6.416948439942,-120.2179665896,
    75.672062656905));
#174 = CARTESIAN_POINT('',(6.271453529499,-120.026022511,75.244389678422
    ));
#175 = CARTESIAN_POINT('',(6.062285397107,-119.8552311472,74.64484529579
    ));
#176 = CARTESIAN_POINT('',(5.796887615975,-119.5073548982,
    74.103437272458));
#177 = CARTESIAN_POINT('',(5.600020157635,-119.0474151128,
    73.700911306389));
#178 = CARTESIAN_POINT('',(5.5,-118.5235958885,73.5));
#179 = CARTESIAN_POINT('',(5.5,-118.,73.5));
#180 = ORIENTED_EDGE('',*,*,#181,.T.);
#181 = EDGE_CURVE('',#153,#182,#184,.T.);
#182 = VERTEX_POINT('',#183);
#183 = CARTESIAN_POINT('',(8.5,-121.,-58.5));
#184 = LINE('',#185,#186);
#185 = CARTESIAN_POINT('',(8.5,-121.,78.5));
#186 = VECTOR('',#187,1.);
#187 = DIRECTION('',(0.,-2.22044604925E-16,-1.));
#188 = ORIENTED_EDGE('',*,*,#189,.T.);
#189 = EDGE_CURVE('',#182,#65,#190,.T.);
#190 = CIRCLE('',#191,3.);
#191 = AXIS2_PLACEMENT_3D('',#192,#193,#194);
#192 = CARTESIAN_POINT('',(8.5,-118.,-58.5));
#193 = DIRECTION('',(0.,2.22044604925E-16,-1.));
#194 = DIRECTION('',(0.,-1.,-2.22044604925E-16));
#195 = CYLINDRICAL_SURFACE('',#196,3.);
#196 = AXIS2_PLACEMENT_3D('',#197,#198,#199);
#197 = CARTESIAN_POINT('',(8.5,-118.,78.5));
#198 = DIRECTION('',(0.,-2.22044604925E-16,-1.));
#199 = DIRECTION('',(-1.,0.,0.));
#200 = ADVANCED_FACE('',(#201),#221,.T.);
#201 = FACE_BOUND('',#202,.T.);
#202 = EDGE_LOOP('',(#203,#204,#213,#220));
#203 = ORIENTED_EDGE('',*,*,#128,.F.);
#204 = ORIENTED_EDGE('',*,*,#205,.T.);
#205 = EDGE_CURVE('',#129,#206,#208,.T.);
#206 = VERTEX_POINT('',#207);
#207 = CARTESIAN_POINT('',(7.,-86.,-36.5));
#208 = CIRCLE('',#209,15.);
#209 = AXIS2_PLACEMENT_3D('',#210,#211,#212);
#210 = CARTESIAN_POINT('',(7.,-86.,-21.5));
#211 = DIRECTION('',(1.,0.,-0.));
#212 = DIRECTION('',(0.,-1.,2.368475785867E-16));
#213 = ORIENTED_EDGE('',*,*,#214,.T.);
#214 = EDGE_CURVE('',#206,#40,#215,.T.);
#215 = CIRCLE('',#216,1.5);
#216 = AXIS2_PLACEMENT_3D('',#217,#218,#219);
#217 = CARTESIAN_POINT('',(7.,-86.,-38.));
#218 = DIRECTION('',(0.,-1.,-1.46009291306E-16));
#219 = DIRECTION('',(0.,1.46009291306E-16,-1.));
#220 = ORIENTED_EDGE('',*,*,#39,.F.);
#221 = TOROIDAL_SURFACE('',#222,16.5,1.5);
#222 = AXIS2_PLACEMENT_3D('',#223,#224,#225);
#223 = CARTESIAN_POINT('',(7.,-86.,-21.5));
#224 = DIRECTION('',(1.,0.,0.));
#225 = DIRECTION('',(0.,-1.,2.368475785867E-16));
#226 = ADVANCED_FACE('',(#227),#254,.T.);
#227 = FACE_BOUND('',#228,.F.);
#228 = EDGE_LOOP('',(#229,#238,#246,#253));
#229 = ORIENTED_EDGE('',*,*,#230,.F.);
#230 = EDGE_CURVE('',#231,#65,#233,.T.);
#231 = VERTEX_POINT('',#232);
#232 = CARTESIAN_POINT('',(8.5,-118.,-61.5));
#233 = CIRCLE('',#234,3.);
#234 = AXIS2_PLACEMENT_3D('',#235,#236,#237);
#235 = CARTESIAN_POINT('',(8.5,-118.,-58.5));
#236 = DIRECTION('',(-5.053215498074E-16,1.,2.22044604925E-16));
#237 = DIRECTION('',(-1.,-5.053215498074E-16,-1.122039238871E-31));
#238 = ORIENTED_EDGE('',*,*,#239,.T.);
#239 = EDGE_CURVE('',#231,#240,#242,.T.);
#240 = VERTEX_POINT('',#241);
#241 = CARTESIAN_POINT('',(8.5,-23.,-61.5));
#242 = LINE('',#243,#244);
#243 = CARTESIAN_POINT('',(8.5,-121.,-61.5));
#244 = VECTOR('',#245,1.);
#245 = DIRECTION('',(0.,1.,2.22044604925E-16));
#246 = ORIENTED_EDGE('',*,*,#247,.F.);
#247 = EDGE_CURVE('',#57,#240,#248,.T.);
#248 = CIRCLE('',#249,3.);
#249 = AXIS2_PLACEMENT_3D('',#250,#251,#252);
#250 = CARTESIAN_POINT('',(8.5,-23.,-58.5));
#251 = DIRECTION('',(-0.,-1.,-2.22044604925E-16));
#252 = DIRECTION('',(0.,-2.22044604925E-16,1.));
#253 = ORIENTED_EDGE('',*,*,#64,.F.);
#254 = CYLINDRICAL_SURFACE('',#255,3.);
#255 = AXIS2_PLACEMENT_3D('',#256,#257,#258);
#256 = CARTESIAN_POINT('',(8.5,-121.,-58.5));
#257 = DIRECTION('',(0.,1.,2.22044604925E-16));
#258 = DIRECTION('',(-1.,0.,0.));
#259 = ADVANCED_FACE('',(#260),#279,.T.);
#260 = FACE_BOUND('',#261,.F.);
#261 = EDGE_LOOP('',(#262,#263,#264,#273));
#262 = ORIENTED_EDGE('',*,*,#214,.T.);
#263 = ORIENTED_EDGE('',*,*,#48,.T.);
#264 = ORIENTED_EDGE('',*,*,#265,.F.);
#265 = EDGE_CURVE('',#266,#49,#268,.T.);
#266 = VERTEX_POINT('',#267);
#267 = CARTESIAN_POINT('',(7.,-23.,-36.5));
#268 = CIRCLE('',#269,1.5);
#269 = AXIS2_PLACEMENT_3D('',#270,#271,#272);
#270 = CARTESIAN_POINT('',(7.,-23.,-38.));
#271 = DIRECTION('',(-0.,-1.,-2.22044604925E-16));
#272 = DIRECTION('',(0.,-2.22044604925E-16,1.));
#273 = ORIENTED_EDGE('',*,*,#274,.F.);
#274 = EDGE_CURVE('',#206,#266,#275,.T.);
#275 = LINE('',#276,#277);
#276 = CARTESIAN_POINT('',(7.,-86.,-36.5));
#277 = VECTOR('',#278,1.);
#278 = DIRECTION('',(0.,1.,2.22044604925E-16));
#279 = CYLINDRICAL_SURFACE('',#280,1.5);
#280 = AXIS2_PLACEMENT_3D('',#281,#282,#283);
#281 = CARTESIAN_POINT('',(7.,-86.,-38.));
#282 = DIRECTION('',(0.,1.,2.22044604925E-16));
#283 = DIRECTION('',(0.,-2.22044604925E-16,1.));
#284 = ADVANCED_FACE('',(#285,#330),#341,.T.);
#285 = FACE_BOUND('',#286,.T.);
#286 = EDGE_LOOP('',(#287,#297,#306,#312,#313,#314,#315,#323));
#287 = ORIENTED_EDGE('',*,*,#288,.T.);
#288 = EDGE_CURVE('',#289,#291,#293,.T.);
#289 = VERTEX_POINT('',#290);
#290 = CARTESIAN_POINT('',(30.5,-23.,-38.));
#291 = VERTEX_POINT('',#292);
#292 = CARTESIAN_POINT('',(30.5,-23.,-58.5));
#293 = LINE('',#294,#295);
#294 = CARTESIAN_POINT('',(30.5,-23.,-36.5));
#295 = VECTOR('',#296,1.);
#296 = DIRECTION('',(0.,2.22044604925E-16,-1.));
#297 = ORIENTED_EDGE('',*,*,#298,.T.);
#298 = EDGE_CURVE('',#291,#299,#301,.T.);
#299 = VERTEX_POINT('',#300);
#300 = CARTESIAN_POINT('',(27.5,-23.,-61.5));
#301 = CIRCLE('',#302,3.);
#302 = AXIS2_PLACEMENT_3D('',#303,#304,#305);
#303 = CARTESIAN_POINT('',(27.5,-23.,-58.5));
#304 = DIRECTION('',(-0.,1.,2.22044604925E-16));
#305 = DIRECTION('',(0.,-2.22044604925E-16,1.));
#306 = ORIENTED_EDGE('',*,*,#307,.T.);
#307 = EDGE_CURVE('',#299,#240,#308,.T.);
#308 = LINE('',#309,#310);
#309 = CARTESIAN_POINT('',(30.5,-23.,-61.5));
#310 = VECTOR('',#311,1.);
#311 = DIRECTION('',(-1.,0.,0.));
#312 = ORIENTED_EDGE('',*,*,#247,.F.);
#313 = ORIENTED_EDGE('',*,*,#56,.T.);
#314 = ORIENTED_EDGE('',*,*,#265,.F.);
#315 = ORIENTED_EDGE('',*,*,#316,.T.);
#316 = EDGE_CURVE('',#266,#317,#319,.T.);
#317 = VERTEX_POINT('',#318);
#318 = CARTESIAN_POINT('',(29.,-23.,-36.5));
#319 = LINE('',#320,#321);
#320 = CARTESIAN_POINT('',(5.5,-23.,-36.5));
#321 = VECTOR('',#322,1.);
#322 = DIRECTION('',(1.,0.,0.));
#323 = ORIENTED_EDGE('',*,*,#324,.T.);
#324 = EDGE_CURVE('',#317,#289,#325,.T.);
#325 = CIRCLE('',#326,1.5);
#326 = AXIS2_PLACEMENT_3D('',#327,#328,#329);
#327 = CARTESIAN_POINT('',(29.,-23.,-38.));
#328 = DIRECTION('',(0.,1.,2.22044604925E-16));
#329 = DIRECTION('',(0.,2.22044604925E-16,-1.));
#330 = FACE_BOUND('',#331,.T.);
#331 = EDGE_LOOP('',(#332));
#332 = ORIENTED_EDGE('',*,*,#333,.F.);
#333 = EDGE_CURVE('',#334,#334,#336,.T.);
#334 = VERTEX_POINT('',#335);
#335 = CARTESIAN_POINT('',(24.649984359741,-23.,-48.19997787475));
#336 = CIRCLE('',#337,6.75);
#337 = AXIS2_PLACEMENT_3D('',#338,#339,#340);
#338 = CARTESIAN_POINT('',(17.899984359741,-23.,-48.19997787475));
#339 = DIRECTION('',(0.,1.,-2.2E-16));
#340 = DIRECTION('',(1.,0.,0.));
#341 = PLANE('',#342);
#342 = AXIS2_PLACEMENT_3D('',#343,#344,#345);
#343 = CARTESIAN_POINT('',(34.25,-23.,74.75));
#344 = DIRECTION('',(0.,1.,2.246590682361E-16));
#345 = DIRECTION('',(0.,-2.246590682361E-16,1.));
#346 = ADVANCED_FACE('',(#347),#367,.T.);
#347 = FACE_BOUND('',#348,.T.);
#348 = EDGE_LOOP('',(#349,#358,#365,#366));
#349 = ORIENTED_EDGE('',*,*,#350,.F.);
#350 = EDGE_CURVE('',#351,#96,#353,.T.);
#351 = VERTEX_POINT('',#352);
#352 = CARTESIAN_POINT('',(0.5,-101.,80.));
#353 = CIRCLE('',#354,1.5);
#354 = AXIS2_PLACEMENT_3D('',#355,#356,#357);
#355 = CARTESIAN_POINT('',(0.5,-102.5,80.));
#356 = DIRECTION('',(-1.,0.,-0.));
#357 = DIRECTION('',(0.,1.,-2.22044604925E-16));
#358 = ORIENTED_EDGE('',*,*,#359,.T.);
#359 = EDGE_CURVE('',#351,#119,#360,.T.);
#360 = CIRCLE('',#361,6.5);
#361 = AXIS2_PLACEMENT_3D('',#362,#363,#364);
#362 = CARTESIAN_POINT('',(0.5,-101.,73.5));
#363 = DIRECTION('',(0.,1.,-2.22044604925E-16));
#364 = DIRECTION('',(4.218847493576E-16,2.22044604925E-16,1.));
#365 = ORIENTED_EDGE('',*,*,#118,.T.);
#366 = ORIENTED_EDGE('',*,*,#103,.F.);
#367 = TOROIDAL_SURFACE('',#368,6.5,1.5);
#368 = AXIS2_PLACEMENT_3D('',#369,#370,#371);
#369 = CARTESIAN_POINT('',(0.5,-102.5,73.5));
#370 = DIRECTION('',(0.,1.,-2.22044604925E-16));
#371 = DIRECTION('',(4.218847493576E-16,2.22044604925E-16,1.));
#372 = ADVANCED_FACE('',(#373),#404,.T.);
#373 = FACE_BOUND('',#374,.T.);
#374 = EDGE_LOOP('',(#375,#402,#403));
#375 = ORIENTED_EDGE('',*,*,#376,.T.);
#376 = EDGE_CURVE('',#153,#88,#377,.T.);
#377 = ( BOUNDED_CURVE() B_SPLINE_CURVE(12,(#378,#379,#380,#381,#382,
    #383,#384,#385,#386,#387,#388,#389,#390,#391,#392,#393,#394,#395,
    #396,#397,#398,#399,#400,#401),.UNSPECIFIED.,.F.,.F.) 
B_SPLINE_CURVE_WITH_KNOTS((13,11,13),(5.540245315209E-06,2.865151214896,
5.730296889547),.UNSPECIFIED.) CURVE() GEOMETRIC_REPRESENTATION_ITEM() 
RATIONAL_B_SPLINE_CURVE((1.,1.,0.999999999999,1.000000000002,
    0.999999999996,1.000000000005,0.999999999994,1.000000000005,
    0.999999999997,1.000000000002,0.999999999999,1.,1.,1.,0.999999999999
    ,1.000000000001,0.999999999998,1.000000000002,0.999999999998,
1.000000000001,0.999999999999,1.,1.,1.)) REPRESENTATION_ITEM('') );
#378 = CARTESIAN_POINT('',(8.499982367268,-121.,81.5));
#379 = CARTESIAN_POINT('',(8.214395832155,-120.9999999139,81.39289843053
    ));
#380 = CARTESIAN_POINT('',(7.928785885616,-120.9957984653,
    81.285781664937));
#381 = CARTESIAN_POINT('',(7.643026096931,-120.9874730251,
    81.178744639478));
#382 = CARTESIAN_POINT('',(7.356926961407,-120.974982372,81.071822983747
    ));
#383 = CARTESIAN_POINT('',(7.070224744647,-120.9582501386,
    80.965023102437));
#384 = CARTESIAN_POINT('',(6.78252374359,-120.9372045333,80.858328740494
    ));
#385 = CARTESIAN_POINT('',(6.493203186542,-120.9117743401,
    80.751681621043));
#386 = CARTESIAN_POINT('',(6.201288772264,-120.8818411928,
    80.644936156307));
#387 = CARTESIAN_POINT('',(5.905288848128,-120.8471481273,
    80.537788231299));
#388 = CARTESIAN_POINT('',(5.602995227257,-120.8071644091,
    80.429678060476));
#389 = CARTESIAN_POINT('',(5.29124864477,-120.7609066379,80.319667117218
    ));
#390 = CARTESIAN_POINT('',(4.640089061252,-120.6525256192,
    80.092911155209));
#391 = CARTESIAN_POINT('',(4.300430178168,-120.5903701546,
    79.975888397436));
#392 = CARTESIAN_POINT('',(3.944910847967,-120.5181273915,79.85614253065
    ));
#393 = CARTESIAN_POINT('',(3.555050059473,-120.4351225838,79.71997143125
    ));
#394 = CARTESIAN_POINT('',(3.167082818336,-120.327680813,79.598606374049
    ));
#395 = CARTESIAN_POINT('',(2.672062656903,-120.2179665896,
    79.416948439947));
#396 = CARTESIAN_POINT('',(2.244389678422,-120.026022511,79.271453529494
    ));
#397 = CARTESIAN_POINT('',(1.644845295791,-119.8552311472,
    79.062285397111));
#398 = CARTESIAN_POINT('',(1.103437272457,-119.5073548981,
    78.796887615974));
#399 = CARTESIAN_POINT('',(0.700911306389,-119.0474151128,
    78.600020157635));
#400 = CARTESIAN_POINT('',(0.5,-118.5235958885,78.5));
#401 = CARTESIAN_POINT('',(0.5,-118.,78.5));
#402 = ORIENTED_EDGE('',*,*,#87,.F.);
#403 = ORIENTED_EDGE('',*,*,#152,.F.);
#404 = ( BOUNDED_SURFACE() B_SPLINE_SURFACE(2,12,(
    (#405,#406,#407,#408,#409,#410,#411,#412,#413,#414,#415,#416,#417
      ,#418,#419,#420,#421,#422,#423,#424,#425,#426,#427,#428)
    ,(#429,#430,#431,#432,#433,#434,#435,#436,#437,#438,#439,#440,#441
      ,#442,#443,#444,#445,#446,#447,#448,#449,#450,#451,#452)
    ,(#453,#454,#455,#456,#457,#458,#459,#460,#461,#462,#463,#464,#465
      ,#466,#467,#468,#469,#470,#471,#472,#473,#474,#475,#476
)),.UNSPECIFIED.,.F.,.F.,.F.) B_SPLINE_SURFACE_WITH_KNOTS((3,3),(13,11,
    13),(0.,5.730291349302),(5.540245315209E-06,2.865151214896,
5.730296889547),.UNSPECIFIED.) GEOMETRIC_REPRESENTATION_ITEM() 
RATIONAL_B_SPLINE_SURFACE((
    (1.,1.,0.999999999999,1.000000000002,0.999999999996,1.000000000005
      ,0.999999999994,1.000000000005,0.999999999997,1.000000000002
      ,0.999999999999,1.,1.,1.,0.999999999999,1.000000000001
      ,0.999999999998,1.000000000002,0.999999999998,1.000000000001
      ,0.999999999999,1.,1.,1.)
    ,(1.,0.999999985686,0.999302029837,0.997913450984,0.99582499695
      ,0.993019625234,0.989474974998,0.985159530987,0.980022478924
      ,0.973977252907,0.966878774301,0.958494382537,0.938442532524
      ,0.926734904083,0.913360598766,0.895918262146,0.879953324139
      ,0.850041765043,0.83065306726,0.787858639173,0.750155457798
      ,0.721421663987,0.707106781187,0.707106781187)
    ,(1.,1.,0.999999999999,1.000000000002,0.999999999996,1.000000000005
      ,0.999999999994,1.000000000005,0.999999999997,1.000000000002
      ,0.999999999999,1.,1.,1.,0.999999999999,1.000000000001
      ,0.999999999998,1.000000000002,0.999999999998,1.000000000001
,0.999999999999,1.,1.,1.))) REPRESENTATION_ITEM('') SURFACE() );
#405 = CARTESIAN_POINT('',(8.5,-121.,81.499999991058));
#406 = CARTESIAN_POINT('',(8.392898440025,-120.9999999142,81.21439582266
    ));
#407 = CARTESIAN_POINT('',(8.285781663714,-120.9957984653,
    80.928785886838));
#408 = CARTESIAN_POINT('',(8.178744632383,-120.9874730249,
    80.643026104027));
#409 = CARTESIAN_POINT('',(8.071822978253,-120.9749823718,
    80.356926966899));
#410 = CARTESIAN_POINT('',(7.965023102413,-120.9582501385,
    80.070224744672));
#411 = CARTESIAN_POINT('',(7.858328744903,-120.9372045335,79.78252373918
    ));
#412 = CARTESIAN_POINT('',(7.751681625814,-120.9117743403,
    79.493203181772));
#413 = CARTESIAN_POINT('',(7.644936157623,-120.8818411929,
    79.201288770946));
#414 = CARTESIAN_POINT('',(7.537788228519,-120.8471481272,
    78.905288850908));
#415 = CARTESIAN_POINT('',(7.429678056952,-120.8071644089,
    78.602995230782));
#416 = CARTESIAN_POINT('',(7.319667117218,-120.7609066379,78.29124864477
    ));
#417 = CARTESIAN_POINT('',(7.092911155209,-120.6525256192,
    77.640089061252));
#418 = CARTESIAN_POINT('',(6.975888397436,-120.5903701546,
    77.300430178168));
#419 = CARTESIAN_POINT('',(6.856142530651,-120.5181273915,
    76.944910847967));
#420 = CARTESIAN_POINT('',(6.719971431247,-120.4351225838,
    76.555050059474));
#421 = CARTESIAN_POINT('',(6.598606374054,-120.327680813,76.167082818334
    ));
#422 = CARTESIAN_POINT('',(6.416948439942,-120.2179665896,
    75.672062656905));
#423 = CARTESIAN_POINT('',(6.271453529499,-120.026022511,75.244389678422
    ));
#424 = CARTESIAN_POINT('',(6.062285397107,-119.8552311472,74.64484529579
    ));
#425 = CARTESIAN_POINT('',(5.796887615975,-119.5073548982,
    74.103437272458));
#426 = CARTESIAN_POINT('',(5.600020157635,-119.0474151128,
    73.700911306389));
#427 = CARTESIAN_POINT('',(5.5,-118.5235958885,73.5));
#428 = CARTESIAN_POINT('',(5.5,-118.,73.5));
#429 = CARTESIAN_POINT('',(8.499995594329,-120.9999999999,
    81.499995584834));
#430 = CARTESIAN_POINT('',(8.30364713328,-120.9999997709,81.303647123784
    ));
#431 = CARTESIAN_POINT('',(8.107060299332,-120.9888825805,
    81.107060300556));
#432 = CARTESIAN_POINT('',(7.910984682337,-120.9665677766,
    80.910984689447));
#433 = CARTESIAN_POINT('',(7.716300616161,-120.9330832111,
    80.716300621678));
#434 = CARTESIAN_POINT('',(7.523887525891,-120.8885282015,
    80.523887525914));
#435 = CARTESIAN_POINT('',(7.334551693076,-120.8330404592,
    80.334551688622));
#436 = CARTESIAN_POINT('',(7.149004667373,-120.766765683,80.149004662528
    ));
#437 = CARTESIAN_POINT('',(6.967884769833,-120.6898265487,
    79.967884768491));
#438 = CARTESIAN_POINT('',(6.791815643473,-120.6022857439,
    79.791815646326));
#439 = CARTESIAN_POINT('',(6.621497688659,-120.5040953667,
    79.621497692304));
#440 = CARTESIAN_POINT('',(6.457830795363,-120.3950220646,
    79.457830795363));
#441 = CARTESIAN_POINT('',(6.142982793235,-120.151469462,79.142982793235
    ));
#442 = CARTESIAN_POINT('',(5.991269428535,-120.0156631949,
    78.991269428535));
#443 = CARTESIAN_POINT('',(5.84553874671,-119.8655350582,78.845538746709
    ));
#444 = CARTESIAN_POINT('',(5.72027170721,-119.7009216207,78.720271707213
    ));
#445 = CARTESIAN_POINT('',(5.578922097795,-119.5186260778,78.57892209779
    ));
#446 = CARTESIAN_POINT('',(5.5133131106,-119.3066081756,78.513313110605)
  );
#447 = CARTESIAN_POINT('',(5.391840446157,-119.1036556242,
    78.391840446154));
#448 = CARTESIAN_POINT('',(5.387698506016,-118.8077368544,
    78.387698506018));
#449 = CARTESIAN_POINT('',(5.430418636076,-118.5876823789,
    78.430418636075));
#450 = CARTESIAN_POINT('',(5.475386426851,-118.3845536169,
    78.475386426852));
#451 = CARTESIAN_POINT('',(5.5,-118.1963484582,78.5));
#452 = CARTESIAN_POINT('',(5.5,-118.,78.5));
#453 = CARTESIAN_POINT('',(8.499982367268,-121.,81.5));
#454 = CARTESIAN_POINT('',(8.214395832155,-120.9999999139,81.39289843053
    ));
#455 = CARTESIAN_POINT('',(7.928785885616,-120.9957984653,
    81.285781664937));
#456 = CARTESIAN_POINT('',(7.643026096931,-120.9874730251,
    81.178744639478));
#457 = CARTESIAN_POINT('',(7.356926961407,-120.974982372,81.071822983747
    ));
#458 = CARTESIAN_POINT('',(7.070224744647,-120.9582501386,
    80.965023102437));
#459 = CARTESIAN_POINT('',(6.78252374359,-120.9372045333,80.858328740494
    ));
#460 = CARTESIAN_POINT('',(6.493203186542,-120.9117743401,
    80.751681621043));
#461 = CARTESIAN_POINT('',(6.201288772264,-120.8818411928,
    80.644936156307));
#462 = CARTESIAN_POINT('',(5.905288848128,-120.8471481273,
    80.537788231299));
#463 = CARTESIAN_POINT('',(5.602995227257,-120.8071644091,
    80.429678060476));
#464 = CARTESIAN_POINT('',(5.29124864477,-120.7609066379,80.319667117218
    ));
#465 = CARTESIAN_POINT('',(4.640089061252,-120.6525256192,
    80.092911155209));
#466 = CARTESIAN_POINT('',(4.300430178168,-120.5903701546,
    79.975888397436));
#467 = CARTESIAN_POINT('',(3.944910847967,-120.5181273915,79.85614253065
    ));
#468 = CARTESIAN_POINT('',(3.555050059473,-120.4351225838,79.71997143125
    ));
#469 = CARTESIAN_POINT('',(3.167082818336,-120.327680813,79.598606374049
    ));
#470 = CARTESIAN_POINT('',(2.672062656903,-120.2179665896,
    79.416948439947));
#471 = CARTESIAN_POINT('',(2.244389678422,-120.026022511,79.271453529494
    ));
#472 = CARTESIAN_POINT('',(1.644845295791,-119.8552311472,
    79.062285397111));
#473 = CARTESIAN_POINT('',(1.103437272457,-119.5073548981,
    78.796887615974));
#474 = CARTESIAN_POINT('',(0.700911306389,-119.0474151128,
    78.600020157635));
#475 = CARTESIAN_POINT('',(0.5,-118.5235958885,78.5));
#476 = CARTESIAN_POINT('',(0.5,-118.,78.5));
#477 = ADVANCED_FACE('',(#478),#528,.T.);
#478 = FACE_BOUND('',#479,.T.);
#479 = EDGE_LOOP('',(#480,#481,#489,#497,#505,#513,#522));
#480 = ORIENTED_EDGE('',*,*,#95,.F.);
#481 = ORIENTED_EDGE('',*,*,#482,.F.);
#482 = EDGE_CURVE('',#483,#88,#485,.T.);
#483 = VERTEX_POINT('',#484);
#484 = CARTESIAN_POINT('',(-66.5,-118.,78.5));
#485 = LINE('',#486,#487);
#486 = CARTESIAN_POINT('',(-69.5,-118.,78.5));
#487 = VECTOR('',#488,1.);
#488 = DIRECTION('',(1.,0.,0.));
#489 = ORIENTED_EDGE('',*,*,#490,.T.);
#490 = EDGE_CURVE('',#483,#491,#493,.T.);
#491 = VERTEX_POINT('',#492);
#492 = CARTESIAN_POINT('',(-66.5,-23.,78.5));
#493 = LINE('',#494,#495);
#494 = CARTESIAN_POINT('',(-66.5,-121.,78.5));
#495 = VECTOR('',#496,1.);
#496 = DIRECTION('',(0.,1.,-2.22044604925E-16));
#497 = ORIENTED_EDGE('',*,*,#498,.F.);
#498 = EDGE_CURVE('',#499,#491,#501,.T.);
#499 = VERTEX_POINT('',#500);
#500 = CARTESIAN_POINT('',(-46.,-23.,78.5));
#501 = LINE('',#502,#503);
#502 = CARTESIAN_POINT('',(-44.5,-23.,78.5));
#503 = VECTOR('',#504,1.);
#504 = DIRECTION('',(-1.,0.,0.));
#505 = ORIENTED_EDGE('',*,*,#506,.T.);
#506 = EDGE_CURVE('',#499,#507,#509,.T.);
#507 = VERTEX_POINT('',#508);
#508 = CARTESIAN_POINT('',(-46.,-86.,78.5));
#509 = LINE('',#510,#511);
#510 = CARTESIAN_POINT('',(-46.,-23.,78.5));
#511 = VECTOR('',#512,1.);
#512 = DIRECTION('',(-0.,-1.,-2.22044604925E-16));
#513 = ORIENTED_EDGE('',*,*,#514,.T.);
#514 = EDGE_CURVE('',#507,#515,#517,.T.);
#515 = VERTEX_POINT('',#516);
#516 = CARTESIAN_POINT('',(-29.5,-102.5,78.5));
#517 = CIRCLE('',#518,16.5);
#518 = AXIS2_PLACEMENT_3D('',#519,#520,#521);
#519 = CARTESIAN_POINT('',(-29.5,-86.,78.5));
#520 = DIRECTION('',(0.,-2.22044604925E-16,1.));
#521 = DIRECTION('',(-1.,-9.695947748393E-16,-2.152932887166E-31));
#522 = ORIENTED_EDGE('',*,*,#523,.T.);
#523 = EDGE_CURVE('',#515,#96,#524,.T.);
#524 = LINE('',#525,#526);
#525 = CARTESIAN_POINT('',(-29.5,-102.5,78.5));
#526 = VECTOR('',#527,1.);
#527 = DIRECTION('',(1.,0.,0.));
#528 = PLANE('',#529);
#529 = AXIS2_PLACEMENT_3D('',#530,#531,#532);
#530 = CARTESIAN_POINT('',(-43.27167630057,-83.27167630057,78.5));
#531 = DIRECTION('',(0.,2.22044604925E-16,-1.));
#532 = DIRECTION('',(0.,1.,2.22044604925E-16));
#533 = ADVANCED_FACE('',(#534,#651),#685,.T.);
#534 = FACE_BOUND('',#535,.T.);
#535 = EDGE_LOOP('',(#536,#544,#545,#546,#554,#562,#570,#579,#587,#595,
    #603,#612,#620,#628,#636,#645));
#536 = ORIENTED_EDGE('',*,*,#537,.F.);
#537 = EDGE_CURVE('',#129,#538,#540,.T.);
#538 = VERTEX_POINT('',#539);
#539 = CARTESIAN_POINT('',(29.,-101.,-21.5));
#540 = LINE('',#541,#542);
#541 = CARTESIAN_POINT('',(5.5,-101.,-21.5));
#542 = VECTOR('',#543,1.);
#543 = DIRECTION('',(1.,0.,0.));
#544 = ORIENTED_EDGE('',*,*,#137,.F.);
#545 = ORIENTED_EDGE('',*,*,#359,.F.);
#546 = ORIENTED_EDGE('',*,*,#547,.F.);
#547 = EDGE_CURVE('',#548,#351,#550,.T.);
#548 = VERTEX_POINT('',#549);
#549 = CARTESIAN_POINT('',(-29.5,-101.,80.));
#550 = LINE('',#551,#552);
#551 = CARTESIAN_POINT('',(-29.5,-101.,80.));
#552 = VECTOR('',#553,1.);
#553 = DIRECTION('',(1.,0.,0.));
#554 = ORIENTED_EDGE('',*,*,#555,.F.);
#555 = EDGE_CURVE('',#556,#548,#558,.T.);
#556 = VERTEX_POINT('',#557);
#557 = CARTESIAN_POINT('',(-29.5,-101.,102.));
#558 = LINE('',#559,#560);
#559 = CARTESIAN_POINT('',(-29.5,-101.,103.5));
#560 = VECTOR('',#561,1.);
#561 = DIRECTION('',(0.,2.22044604925E-16,-1.));
#562 = ORIENTED_EDGE('',*,*,#563,.T.);
#563 = EDGE_CURVE('',#556,#564,#566,.T.);
#564 = VERTEX_POINT('',#565);
#565 = CARTESIAN_POINT('',(0.5,-101.,102.));
#566 = LINE('',#567,#568);
#567 = CARTESIAN_POINT('',(-29.5,-101.,102.));
#568 = VECTOR('',#569,1.);
#569 = DIRECTION('',(1.,0.,0.));
#570 = ORIENTED_EDGE('',*,*,#571,.T.);
#571 = EDGE_CURVE('',#564,#572,#574,.T.);
#572 = VERTEX_POINT('',#573);
#573 = CARTESIAN_POINT('',(7.,-101.,108.5));
#574 = CIRCLE('',#575,6.5);
#575 = AXIS2_PLACEMENT_3D('',#576,#577,#578);
#576 = CARTESIAN_POINT('',(0.5,-101.,108.5));
#577 = DIRECTION('',(0.,-1.,2.22044604925E-16));
#578 = DIRECTION('',(3.10862446895E-16,-2.22044604925E-16,-1.));
#579 = ORIENTED_EDGE('',*,*,#580,.T.);
#580 = EDGE_CURVE('',#572,#581,#583,.T.);
#581 = VERTEX_POINT('',#582);
#582 = CARTESIAN_POINT('',(7.,-101.,138.5));
#583 = LINE('',#584,#585);
#584 = CARTESIAN_POINT('',(7.,-101.,108.5));
#585 = VECTOR('',#586,1.);
#586 = DIRECTION('',(0.,2.22044604925E-16,1.));
#587 = ORIENTED_EDGE('',*,*,#588,.F.);
#588 = EDGE_CURVE('',#589,#581,#591,.T.);
#589 = VERTEX_POINT('',#590);
#590 = CARTESIAN_POINT('',(29.,-101.,138.5));
#591 = LINE('',#592,#593);
#592 = CARTESIAN_POINT('',(30.5,-101.,138.5));
#593 = VECTOR('',#594,1.);
#594 = DIRECTION('',(-1.,0.,0.));
#595 = ORIENTED_EDGE('',*,*,#596,.F.);
#596 = EDGE_CURVE('',#597,#589,#599,.T.);
#597 = VERTEX_POINT('',#598);
#598 = CARTESIAN_POINT('',(29.,-101.,108.5));
#599 = LINE('',#600,#601);
#600 = CARTESIAN_POINT('',(29.,-101.,108.5));
#601 = VECTOR('',#602,1.);
#602 = DIRECTION('',(0.,2.22044604925E-16,1.));
#603 = ORIENTED_EDGE('',*,*,#604,.F.);
#604 = EDGE_CURVE('',#605,#597,#607,.T.);
#605 = VERTEX_POINT('',#606);
#606 = CARTESIAN_POINT('',(35.5,-101.,102.));
#607 = CIRCLE('',#608,6.5);
#608 = AXIS2_PLACEMENT_3D('',#609,#610,#611);
#609 = CARTESIAN_POINT('',(35.5,-101.,108.5));
#610 = DIRECTION('',(0.,1.,-2.22044604925E-16));
#611 = DIRECTION('',(-1.42108547152E-15,-2.22044604925E-16,-1.));
#612 = ORIENTED_EDGE('',*,*,#613,.F.);
#613 = EDGE_CURVE('',#614,#605,#616,.T.);
#614 = VERTEX_POINT('',#615);
#615 = CARTESIAN_POINT('',(130.5,-101.,102.));
#616 = LINE('',#617,#618);
#617 = CARTESIAN_POINT('',(130.5,-101.,102.));
#618 = VECTOR('',#619,1.);
#619 = DIRECTION('',(-1.,0.,0.));
#620 = ORIENTED_EDGE('',*,*,#621,.F.);
#621 = EDGE_CURVE('',#622,#614,#624,.T.);
#622 = VERTEX_POINT('',#623);
#623 = CARTESIAN_POINT('',(130.5,-101.,80.));
#624 = LINE('',#625,#626);
#625 = CARTESIAN_POINT('',(130.5,-101.,78.5));
#626 = VECTOR('',#627,1.);
#627 = DIRECTION('',(0.,-2.22044604925E-16,1.));
#628 = ORIENTED_EDGE('',*,*,#629,.F.);
#629 = EDGE_CURVE('',#630,#622,#632,.T.);
#630 = VERTEX_POINT('',#631);
#631 = CARTESIAN_POINT('',(35.5,-101.,80.));
#632 = LINE('',#633,#634);
#633 = CARTESIAN_POINT('',(35.5,-101.,80.));
#634 = VECTOR('',#635,1.);
#635 = DIRECTION('',(1.,0.,0.));
#636 = ORIENTED_EDGE('',*,*,#637,.F.);
#637 = EDGE_CURVE('',#638,#630,#640,.T.);
#638 = VERTEX_POINT('',#639);
#639 = CARTESIAN_POINT('',(29.,-101.,73.5));
#640 = CIRCLE('',#641,6.5);
#641 = AXIS2_PLACEMENT_3D('',#642,#643,#644);
#642 = CARTESIAN_POINT('',(35.5,-101.,73.5));
#643 = DIRECTION('',(0.,1.,-2.22044604925E-16));
#644 = DIRECTION('',(-1.,1.479114197289E-32,6.661338147751E-17));
#645 = ORIENTED_EDGE('',*,*,#646,.F.);
#646 = EDGE_CURVE('',#538,#638,#647,.T.);
#647 = LINE('',#648,#649);
#648 = CARTESIAN_POINT('',(29.,-101.,-21.5));
#649 = VECTOR('',#650,1.);
#650 = DIRECTION('',(0.,2.22044604925E-16,1.));
#651 = FACE_BOUND('',#652,.T.);
#652 = EDGE_LOOP('',(#653,#663,#671,#679));
#653 = ORIENTED_EDGE('',*,*,#654,.F.);
#654 = EDGE_CURVE('',#655,#657,#659,.T.);
#655 = VERTEX_POINT('',#656);
#656 = CARTESIAN_POINT('',(7.5,-101.,77.9));
#657 = VERTEX_POINT('',#658);
#658 = CARTESIAN_POINT('',(7.5,-101.,104.1));
#659 = LINE('',#660,#661);
#660 = CARTESIAN_POINT('',(7.5,-101.,77.9));
#661 = VECTOR('',#662,1.);
#662 = DIRECTION('',(0.,-2.22044604925E-16,1.));
#663 = ORIENTED_EDGE('',*,*,#664,.F.);
#664 = EDGE_CURVE('',#665,#655,#667,.T.);
#665 = VERTEX_POINT('',#666);
#666 = CARTESIAN_POINT('',(28.5,-101.,77.9));
#667 = LINE('',#668,#669);
#668 = CARTESIAN_POINT('',(28.5,-101.,77.9));
#669 = VECTOR('',#670,1.);
#670 = DIRECTION('',(-1.,0.,0.));
#671 = ORIENTED_EDGE('',*,*,#672,.F.);
#672 = EDGE_CURVE('',#673,#665,#675,.T.);
#673 = VERTEX_POINT('',#674);
#674 = CARTESIAN_POINT('',(28.5,-101.,104.1));
#675 = LINE('',#676,#677);
#676 = CARTESIAN_POINT('',(28.5,-101.,104.1));
#677 = VECTOR('',#678,1.);
#678 = DIRECTION('',(0.,2.22044604925E-16,-1.));
#679 = ORIENTED_EDGE('',*,*,#680,.F.);
#680 = EDGE_CURVE('',#657,#673,#681,.T.);
#681 = LINE('',#682,#683);
#682 = CARTESIAN_POINT('',(7.5,-101.,104.1));
#683 = VECTOR('',#684,1.);
#684 = DIRECTION('',(1.,0.,0.));
#685 = PLANE('',#686);
#686 = AXIS2_PLACEMENT_3D('',#687,#688,#689);
#687 = CARTESIAN_POINT('',(35.942708333333,-101.,73.057291666667));
#688 = DIRECTION('',(0.,1.,-2.22044604925E-16));
#689 = DIRECTION('',(0.,2.22044604925E-16,1.));
#690 = ADVANCED_FACE('',(#691),#702,.T.);
#691 = FACE_BOUND('',#692,.F.);
#692 = EDGE_LOOP('',(#693,#700,#701));
#693 = ORIENTED_EDGE('',*,*,#694,.F.);
#694 = EDGE_CURVE('',#231,#182,#695,.T.);
#695 = CIRCLE('',#696,3.);
#696 = AXIS2_PLACEMENT_3D('',#697,#698,#699);
#697 = CARTESIAN_POINT('',(8.5,-118.,-58.5));
#698 = DIRECTION('',(-1.,-0.,0.));
#699 = DIRECTION('',(0.,-1.,-2.22044604925E-16));
#700 = ORIENTED_EDGE('',*,*,#230,.T.);
#701 = ORIENTED_EDGE('',*,*,#189,.F.);
#702 = SPHERICAL_SURFACE('',#703,3.);
#703 = AXIS2_PLACEMENT_3D('',#704,#705,#706);
#704 = CARTESIAN_POINT('',(8.5,-118.,-58.5));
#705 = DIRECTION('',(0.,-2.22044604925E-16,1.));
#706 = DIRECTION('',(0.,-1.,-2.22044604925E-16));
#707 = ADVANCED_FACE('',(#708,#797),#831,.F.);
#708 = FACE_BOUND('',#709,.F.);
#709 = EDGE_LOOP('',(#710,#711,#719,#727,#735,#743,#751,#759,#767,#775,
    #783,#791));
#710 = ORIENTED_EDGE('',*,*,#181,.F.);
#711 = ORIENTED_EDGE('',*,*,#712,.F.);
#712 = EDGE_CURVE('',#713,#153,#715,.T.);
#713 = VERTEX_POINT('',#714);
#714 = CARTESIAN_POINT('',(-66.5,-121.,81.5));
#715 = LINE('',#716,#717);
#716 = CARTESIAN_POINT('',(-69.5,-121.,81.5));
#717 = VECTOR('',#718,1.);
#718 = DIRECTION('',(1.,0.,0.));
#719 = ORIENTED_EDGE('',*,*,#720,.F.);
#720 = EDGE_CURVE('',#721,#713,#723,.T.);
#721 = VERTEX_POINT('',#722);
#722 = CARTESIAN_POINT('',(-66.5,-121.,100.5));
#723 = LINE('',#724,#725);
#724 = CARTESIAN_POINT('',(-66.5,-121.,103.5));
#725 = VECTOR('',#726,1.);
#726 = DIRECTION('',(0.,-2.22044604925E-16,-1.));
#727 = ORIENTED_EDGE('',*,*,#728,.F.);
#728 = EDGE_CURVE('',#729,#721,#731,.T.);
#729 = VERTEX_POINT('',#730);
#730 = CARTESIAN_POINT('',(8.5,-121.,100.5));
#731 = LINE('',#732,#733);
#732 = CARTESIAN_POINT('',(5.5,-121.,100.5));
#733 = VECTOR('',#734,1.);
#734 = DIRECTION('',(-1.,0.,0.));
#735 = ORIENTED_EDGE('',*,*,#736,.F.);
#736 = EDGE_CURVE('',#737,#729,#739,.T.);
#737 = VERTEX_POINT('',#738);
#738 = CARTESIAN_POINT('',(8.5,-121.,175.5));
#739 = LINE('',#740,#741);
#740 = CARTESIAN_POINT('',(8.5,-121.,178.5));
#741 = VECTOR('',#742,1.);
#742 = DIRECTION('',(0.,-2.22044604925E-16,-1.));
#743 = ORIENTED_EDGE('',*,*,#744,.F.);
#744 = EDGE_CURVE('',#745,#737,#747,.T.);
#745 = VERTEX_POINT('',#746);
#746 = CARTESIAN_POINT('',(27.5,-121.,175.5));
#747 = LINE('',#748,#749);
#748 = CARTESIAN_POINT('',(30.5,-121.,175.5));
#749 = VECTOR('',#750,1.);
#750 = DIRECTION('',(-1.,0.,0.));
#751 = ORIENTED_EDGE('',*,*,#752,.F.);
#752 = EDGE_CURVE('',#753,#745,#755,.T.);
#753 = VERTEX_POINT('',#754);
#754 = CARTESIAN_POINT('',(27.5,-121.,100.5));
#755 = LINE('',#756,#757);
#756 = CARTESIAN_POINT('',(27.5,-121.,103.5));
#757 = VECTOR('',#758,1.);
#758 = DIRECTION('',(0.,2.22044604925E-16,1.));
#759 = ORIENTED_EDGE('',*,*,#760,.F.);
#760 = EDGE_CURVE('',#761,#753,#763,.T.);
#761 = VERTEX_POINT('',#762);
#762 = CARTESIAN_POINT('',(167.5,-121.,100.5));
#763 = LINE('',#764,#765);
#764 = CARTESIAN_POINT('',(170.5,-121.,100.5));
#765 = VECTOR('',#766,1.);
#766 = DIRECTION('',(-1.,0.,0.));
#767 = ORIENTED_EDGE('',*,*,#768,.F.);
#768 = EDGE_CURVE('',#769,#761,#771,.T.);
#769 = VERTEX_POINT('',#770);
#770 = CARTESIAN_POINT('',(167.5,-121.,81.5));
#771 = LINE('',#772,#773);
#772 = CARTESIAN_POINT('',(167.5,-121.,78.5));
#773 = VECTOR('',#774,1.);
#774 = DIRECTION('',(0.,2.22044604925E-16,1.));
#775 = ORIENTED_EDGE('',*,*,#776,.F.);
#776 = EDGE_CURVE('',#777,#769,#779,.T.);
#777 = VERTEX_POINT('',#778);
#778 = CARTESIAN_POINT('',(27.5,-121.,81.5));
#779 = LINE('',#780,#781);
#780 = CARTESIAN_POINT('',(30.5,-121.,81.5));
#781 = VECTOR('',#782,1.);
#782 = DIRECTION('',(1.,0.,0.));
#783 = ORIENTED_EDGE('',*,*,#784,.F.);
#784 = EDGE_CURVE('',#785,#777,#787,.T.);
#785 = VERTEX_POINT('',#786);
#786 = CARTESIAN_POINT('',(27.5,-121.,-58.5));
#787 = LINE('',#788,#789);
#788 = CARTESIAN_POINT('',(27.5,-121.,-61.5));
#789 = VECTOR('',#790,1.);
#790 = DIRECTION('',(0.,2.22044604925E-16,1.));
#791 = ORIENTED_EDGE('',*,*,#792,.F.);
#792 = EDGE_CURVE('',#182,#785,#793,.T.);
#793 = LINE('',#794,#795);
#794 = CARTESIAN_POINT('',(5.5,-121.,-58.5));
#795 = VECTOR('',#796,1.);
#796 = DIRECTION('',(1.,0.,0.));
#797 = FACE_BOUND('',#798,.F.);
#798 = EDGE_LOOP('',(#799,#809,#817,#825));
#799 = ORIENTED_EDGE('',*,*,#800,.F.);
#800 = EDGE_CURVE('',#801,#803,#805,.T.);
#801 = VERTEX_POINT('',#802);
#802 = CARTESIAN_POINT('',(9.9,-121.,80.3));
#803 = VERTEX_POINT('',#804);
#804 = CARTESIAN_POINT('',(9.9,-121.,104.3));
#805 = LINE('',#806,#807);
#806 = CARTESIAN_POINT('',(9.9,-121.,83.3));
#807 = VECTOR('',#808,1.);
#808 = DIRECTION('',(0.,2.22044604925E-16,1.));
#809 = ORIENTED_EDGE('',*,*,#810,.F.);
#810 = EDGE_CURVE('',#811,#801,#813,.T.);
#811 = VERTEX_POINT('',#812);
#812 = CARTESIAN_POINT('',(26.1,-121.,80.3));
#813 = LINE('',#814,#815);
#814 = CARTESIAN_POINT('',(23.1,-121.,80.3));
#815 = VECTOR('',#816,1.);
#816 = DIRECTION('',(-1.,0.,0.));
#817 = ORIENTED_EDGE('',*,*,#818,.F.);
#818 = EDGE_CURVE('',#819,#811,#821,.T.);
#819 = VERTEX_POINT('',#820);
#820 = CARTESIAN_POINT('',(26.1,-121.,104.3));
#821 = LINE('',#822,#823);
#822 = CARTESIAN_POINT('',(26.1,-121.,101.3));
#823 = VECTOR('',#824,1.);
#824 = DIRECTION('',(0.,-2.22044604925E-16,-1.));
#825 = ORIENTED_EDGE('',*,*,#826,.F.);
#826 = EDGE_CURVE('',#803,#819,#827,.T.);
#827 = LINE('',#828,#829);
#828 = CARTESIAN_POINT('',(12.9,-121.,104.3));
#829 = VECTOR('',#830,1.);
#830 = DIRECTION('',(1.,0.,0.));
#831 = PLANE('',#832);
#832 = AXIS2_PLACEMENT_3D('',#833,#834,#835);
#833 = CARTESIAN_POINT('',(35.942708333333,-121.,73.057291666667));
#834 = DIRECTION('',(0.,1.,-2.22044604925E-16));
#835 = DIRECTION('',(0.,2.22044604925E-16,1.));
#836 = ADVANCED_FACE('',(#837),#856,.F.);
#837 = FACE_BOUND('',#838,.F.);
#838 = EDGE_LOOP('',(#839,#840,#841,#849));
#839 = ORIENTED_EDGE('',*,*,#537,.F.);
#840 = ORIENTED_EDGE('',*,*,#205,.T.);
#841 = ORIENTED_EDGE('',*,*,#842,.T.);
#842 = EDGE_CURVE('',#206,#843,#845,.T.);
#843 = VERTEX_POINT('',#844);
#844 = CARTESIAN_POINT('',(29.,-86.,-36.5));
#845 = LINE('',#846,#847);
#846 = CARTESIAN_POINT('',(5.5,-86.,-36.5));
#847 = VECTOR('',#848,1.);
#848 = DIRECTION('',(1.,0.,0.));
#849 = ORIENTED_EDGE('',*,*,#850,.T.);
#850 = EDGE_CURVE('',#843,#538,#851,.T.);
#851 = CIRCLE('',#852,15.);
#852 = AXIS2_PLACEMENT_3D('',#853,#854,#855);
#853 = CARTESIAN_POINT('',(29.,-86.,-21.5));
#854 = DIRECTION('',(-1.,-0.,-0.));
#855 = DIRECTION('',(0.,0.,-1.));
#856 = CYLINDRICAL_SURFACE('',#857,15.);
#857 = AXIS2_PLACEMENT_3D('',#858,#859,#860);
#858 = CARTESIAN_POINT('',(5.5,-86.,-21.5));
#859 = DIRECTION('',(1.,0.,0.));
#860 = DIRECTION('',(0.,-1.,2.22044604925E-16));
#861 = ADVANCED_FACE('',(#862),#880,.T.);
#862 = FACE_BOUND('',#863,.T.);
#863 = EDGE_LOOP('',(#864,#865,#873,#879));
#864 = ORIENTED_EDGE('',*,*,#307,.F.);
#865 = ORIENTED_EDGE('',*,*,#866,.F.);
#866 = EDGE_CURVE('',#867,#299,#869,.T.);
#867 = VERTEX_POINT('',#868);
#868 = CARTESIAN_POINT('',(27.5,-118.,-61.5));
#869 = LINE('',#870,#871);
#870 = CARTESIAN_POINT('',(27.5,-121.,-61.5));
#871 = VECTOR('',#872,1.);
#872 = DIRECTION('',(0.,1.,2.22044604925E-16));
#873 = ORIENTED_EDGE('',*,*,#874,.F.);
#874 = EDGE_CURVE('',#231,#867,#875,.T.);
#875 = LINE('',#876,#877);
#876 = CARTESIAN_POINT('',(5.5,-118.,-61.5));
#877 = VECTOR('',#878,1.);
#878 = DIRECTION('',(1.,0.,0.));
#879 = ORIENTED_EDGE('',*,*,#239,.T.);
#880 = PLANE('',#881);
#881 = AXIS2_PLACEMENT_3D('',#882,#883,#884);
#882 = CARTESIAN_POINT('',(18.,-72.,-61.5));
#883 = DIRECTION('',(0.,2.22044604925E-16,-1.));
#884 = DIRECTION('',(0.,1.,2.22044604925E-16));
#885 = ADVANCED_FACE('',(#886),#897,.F.);
#886 = FACE_BOUND('',#887,.F.);
#887 = EDGE_LOOP('',(#888,#889,#890,#891));
#888 = ORIENTED_EDGE('',*,*,#842,.F.);
#889 = ORIENTED_EDGE('',*,*,#274,.T.);
#890 = ORIENTED_EDGE('',*,*,#316,.T.);
#891 = ORIENTED_EDGE('',*,*,#892,.T.);
#892 = EDGE_CURVE('',#317,#843,#893,.T.);
#893 = LINE('',#894,#895);
#894 = CARTESIAN_POINT('',(29.,-23.,-36.5));
#895 = VECTOR('',#896,1.);
#896 = DIRECTION('',(-0.,-1.,-2.22044604925E-16));
#897 = PLANE('',#898);
#898 = AXIS2_PLACEMENT_3D('',#899,#900,#901);
#899 = CARTESIAN_POINT('',(5.5,-101.,-36.5));
#900 = DIRECTION('',(0.,2.22044604925E-16,-1.));
#901 = DIRECTION('',(1.,0.,0.));
#902 = ADVANCED_FACE('',(#903),#953,.T.);
#903 = FACE_BOUND('',#904,.T.);
#904 = EDGE_LOOP('',(#905,#915,#923,#929,#930,#938,#947));
#905 = ORIENTED_EDGE('',*,*,#906,.F.);
#906 = EDGE_CURVE('',#907,#909,#911,.T.);
#907 = VERTEX_POINT('',#908);
#908 = CARTESIAN_POINT('',(30.5,-118.,73.5));
#909 = VERTEX_POINT('',#910);
#910 = CARTESIAN_POINT('',(30.5,-102.5,73.5));
#911 = LINE('',#912,#913);
#912 = CARTESIAN_POINT('',(30.5,-118.,73.5));
#913 = VECTOR('',#914,1.);
#914 = DIRECTION('',(0.,1.,-2.22044604925E-16));
#915 = ORIENTED_EDGE('',*,*,#916,.F.);
#916 = EDGE_CURVE('',#917,#907,#919,.T.);
#917 = VERTEX_POINT('',#918);
#918 = CARTESIAN_POINT('',(30.5,-118.,-58.5));
#919 = LINE('',#920,#921);
#920 = CARTESIAN_POINT('',(30.5,-118.,-61.5));
#921 = VECTOR('',#922,1.);
#922 = DIRECTION('',(0.,2.22044604925E-16,1.));
#923 = ORIENTED_EDGE('',*,*,#924,.T.);
#924 = EDGE_CURVE('',#917,#291,#925,.T.);
#925 = LINE('',#926,#927);
#926 = CARTESIAN_POINT('',(30.5,-121.,-58.5));
#927 = VECTOR('',#928,1.);
#928 = DIRECTION('',(0.,1.,2.22044604925E-16));
#929 = ORIENTED_EDGE('',*,*,#288,.F.);
#930 = ORIENTED_EDGE('',*,*,#931,.T.);
#931 = EDGE_CURVE('',#289,#932,#934,.T.);
#932 = VERTEX_POINT('',#933);
#933 = CARTESIAN_POINT('',(30.5,-86.,-38.));
#934 = LINE('',#935,#936);
#935 = CARTESIAN_POINT('',(30.5,-23.,-38.));
#936 = VECTOR('',#937,1.);
#937 = DIRECTION('',(-0.,-1.,-2.22044604925E-16));
#938 = ORIENTED_EDGE('',*,*,#939,.T.);
#939 = EDGE_CURVE('',#932,#940,#942,.T.);
#940 = VERTEX_POINT('',#941);
#941 = CARTESIAN_POINT('',(30.5,-102.5,-21.5));
#942 = CIRCLE('',#943,16.5);
#943 = AXIS2_PLACEMENT_3D('',#944,#945,#946);
#944 = CARTESIAN_POINT('',(30.5,-86.,-21.5));
#945 = DIRECTION('',(-1.,-0.,-0.));
#946 = DIRECTION('',(0.,0.,-1.));
#947 = ORIENTED_EDGE('',*,*,#948,.T.);
#948 = EDGE_CURVE('',#940,#909,#949,.T.);
#949 = LINE('',#950,#951);
#950 = CARTESIAN_POINT('',(30.5,-102.5,-21.5));
#951 = VECTOR('',#952,1.);
#952 = DIRECTION('',(0.,2.22044604925E-16,1.));
#953 = PLANE('',#954);
#954 = AXIS2_PLACEMENT_3D('',#955,#956,#957);
#955 = CARTESIAN_POINT('',(30.5,-90.84453781512,-10.34453781512));
#956 = DIRECTION('',(1.,0.,0.));
#957 = DIRECTION('',(0.,-1.,-2.22044604925E-16));
#958 = ADVANCED_FACE('',(#959),#971,.T.);
#959 = FACE_BOUND('',#960,.F.);
#960 = EDGE_LOOP('',(#961,#962,#963,#970));
#961 = ORIENTED_EDGE('',*,*,#324,.T.);
#962 = ORIENTED_EDGE('',*,*,#931,.T.);
#963 = ORIENTED_EDGE('',*,*,#964,.F.);
#964 = EDGE_CURVE('',#843,#932,#965,.T.);
#965 = CIRCLE('',#966,1.5);
#966 = AXIS2_PLACEMENT_3D('',#967,#968,#969);
#967 = CARTESIAN_POINT('',(29.,-86.,-38.));
#968 = DIRECTION('',(-0.,1.,2.22044604925E-16));
#969 = DIRECTION('',(0.,-2.22044604925E-16,1.));
#970 = ORIENTED_EDGE('',*,*,#892,.F.);
#971 = CYLINDRICAL_SURFACE('',#972,1.5);
#972 = AXIS2_PLACEMENT_3D('',#973,#974,#975);
#973 = CARTESIAN_POINT('',(29.,-23.,-38.));
#974 = DIRECTION('',(-0.,-1.,-2.22044604925E-16));
#975 = DIRECTION('',(0.,-2.22044604925E-16,1.));
#976 = ADVANCED_FACE('',(#977),#989,.T.);
#977 = FACE_BOUND('',#978,.T.);
#978 = EDGE_LOOP('',(#979,#986,#987,#988));
#979 = ORIENTED_EDGE('',*,*,#980,.T.);
#980 = EDGE_CURVE('',#917,#867,#981,.T.);
#981 = CIRCLE('',#982,3.);
#982 = AXIS2_PLACEMENT_3D('',#983,#984,#985);
#983 = CARTESIAN_POINT('',(27.5,-118.,-58.5));
#984 = DIRECTION('',(0.,1.,-2.281678389208E-15));
#985 = DIRECTION('',(0.,-2.281678389208E-15,-1.));
#986 = ORIENTED_EDGE('',*,*,#866,.T.);
#987 = ORIENTED_EDGE('',*,*,#298,.F.);
#988 = ORIENTED_EDGE('',*,*,#924,.F.);
#989 = CYLINDRICAL_SURFACE('',#990,3.);
#990 = AXIS2_PLACEMENT_3D('',#991,#992,#993);
#991 = CARTESIAN_POINT('',(27.5,-121.,-58.5));
#992 = DIRECTION('',(0.,1.,2.22044604925E-16));
#993 = DIRECTION('',(1.,0.,0.));
#994 = ADVANCED_FACE('',(#995),#1014,.F.);
#995 = FACE_BOUND('',#996,.T.);
#996 = EDGE_LOOP('',(#997,#998,#1006,#1013));
#997 = ORIENTED_EDGE('',*,*,#333,.T.);
#998 = ORIENTED_EDGE('',*,*,#999,.T.);
#999 = EDGE_CURVE('',#334,#1000,#1002,.T.);
#1000 = VERTEX_POINT('',#1001);
#1001 = CARTESIAN_POINT('',(24.649984359741,-25.3,-48.19997787475));
#1002 = LINE('',#1003,#1004);
#1003 = CARTESIAN_POINT('',(24.649984359741,-22.9,-48.19997787475));
#1004 = VECTOR('',#1005,1.);
#1005 = DIRECTION('',(0.,-1.,2.2E-16));
#1006 = ORIENTED_EDGE('',*,*,#1007,.T.);
#1007 = EDGE_CURVE('',#1000,#1000,#1008,.T.);
#1008 = CIRCLE('',#1009,6.75);
#1009 = AXIS2_PLACEMENT_3D('',#1010,#1011,#1012);
#1010 = CARTESIAN_POINT('',(17.899984359741,-25.3,-48.19997787475));
#1011 = DIRECTION('',(0.,-1.,-2.2E-16));
#1012 = DIRECTION('',(1.,0.,0.));
#1013 = ORIENTED_EDGE('',*,*,#999,.F.);
#1014 = CYLINDRICAL_SURFACE('',#1015,6.75);
#1015 = AXIS2_PLACEMENT_3D('',#1016,#1017,#1018);
#1016 = CARTESIAN_POINT('',(17.899984359741,-22.9,-48.19997787475));
#1017 = DIRECTION('',(0.,1.,-2.2E-16));
#1018 = DIRECTION('',(1.,0.,0.));
#1019 = ADVANCED_FACE('',(#1020),#1032,.T.);
#1020 = FACE_BOUND('',#1021,.F.);
#1021 = EDGE_LOOP('',(#1022,#1029,#1030,#1031));
#1022 = ORIENTED_EDGE('',*,*,#1023,.T.);
#1023 = EDGE_CURVE('',#548,#515,#1024,.T.);
#1024 = CIRCLE('',#1025,1.5);
#1025 = AXIS2_PLACEMENT_3D('',#1026,#1027,#1028);
#1026 = CARTESIAN_POINT('',(-29.5,-102.5,80.));
#1027 = DIRECTION('',(-1.,-2.018401518181E-17,-4.481751676846E-33));
#1028 = DIRECTION('',(2.018401518181E-17,-1.,-2.22044604925E-16));
#1029 = ORIENTED_EDGE('',*,*,#523,.T.);
#1030 = ORIENTED_EDGE('',*,*,#350,.F.);
#1031 = ORIENTED_EDGE('',*,*,#547,.F.);
#1032 = CYLINDRICAL_SURFACE('',#1033,1.5);
#1033 = AXIS2_PLACEMENT_3D('',#1034,#1035,#1036);
#1034 = CARTESIAN_POINT('',(-29.5,-102.5,80.));
#1035 = DIRECTION('',(1.,0.,0.));
#1036 = DIRECTION('',(0.,1.,-2.22044604925E-16));
#1037 = ADVANCED_FACE('',(#1038),#1050,.T.);
#1038 = FACE_BOUND('',#1039,.F.);
#1039 = EDGE_LOOP('',(#1040,#1041,#1048,#1049));
#1040 = ORIENTED_EDGE('',*,*,#482,.F.);
#1041 = ORIENTED_EDGE('',*,*,#1042,.F.);
#1042 = EDGE_CURVE('',#713,#483,#1043,.T.);
#1043 = CIRCLE('',#1044,3.);
#1044 = AXIS2_PLACEMENT_3D('',#1045,#1046,#1047);
#1045 = CARTESIAN_POINT('',(-66.5,-118.,81.5));
#1046 = DIRECTION('',(1.,0.,-0.));
#1047 = DIRECTION('',(0.,-1.,0.));
#1048 = ORIENTED_EDGE('',*,*,#712,.T.);
#1049 = ORIENTED_EDGE('',*,*,#376,.T.);
#1050 = CYLINDRICAL_SURFACE('',#1051,3.);
#1051 = AXIS2_PLACEMENT_3D('',#1052,#1053,#1054);
#1052 = CARTESIAN_POINT('',(-69.5,-118.,81.5));
#1053 = DIRECTION('',(1.,0.,0.));
#1054 = DIRECTION('',(0.,2.22044604925E-16,-1.));
#1055 = ADVANCED_FACE('',(#1056),#1076,.T.);
#1056 = FACE_BOUND('',#1057,.T.);
#1057 = EDGE_LOOP('',(#1058,#1067,#1074,#1075));
#1058 = ORIENTED_EDGE('',*,*,#1059,.F.);
#1059 = EDGE_CURVE('',#1060,#507,#1062,.T.);
#1060 = VERTEX_POINT('',#1061);
#1061 = CARTESIAN_POINT('',(-44.5,-86.,80.));
#1062 = CIRCLE('',#1063,1.5);
#1063 = AXIS2_PLACEMENT_3D('',#1064,#1065,#1066);
#1064 = CARTESIAN_POINT('',(-46.,-86.,80.));
#1065 = DIRECTION('',(-0.,1.,2.22044604925E-16));
#1066 = DIRECTION('',(1.,0.,0.));
#1067 = ORIENTED_EDGE('',*,*,#1068,.T.);
#1068 = EDGE_CURVE('',#1060,#548,#1069,.T.);
#1069 = CIRCLE('',#1070,15.);
#1070 = AXIS2_PLACEMENT_3D('',#1071,#1072,#1073);
#1071 = CARTESIAN_POINT('',(-29.5,-86.,80.));
#1072 = DIRECTION('',(0.,-2.22044604925E-16,1.));
#1073 = DIRECTION('',(-1.,-9.695947748393E-16,-2.152932887166E-31));
#1074 = ORIENTED_EDGE('',*,*,#1023,.T.);
#1075 = ORIENTED_EDGE('',*,*,#514,.F.);
#1076 = TOROIDAL_SURFACE('',#1077,16.5,1.5);
#1077 = AXIS2_PLACEMENT_3D('',#1078,#1079,#1080);
#1078 = CARTESIAN_POINT('',(-29.5,-86.,80.));
#1079 = DIRECTION('',(0.,-2.22044604925E-16,1.));
#1080 = DIRECTION('',(-1.,-9.695947748393E-16,-2.152932887166E-31));
#1081 = ADVANCED_FACE('',(#1082),#1109,.T.);
#1082 = FACE_BOUND('',#1083,.T.);
#1083 = EDGE_LOOP('',(#1084,#1093,#1101,#1108));
#1084 = ORIENTED_EDGE('',*,*,#1085,.F.);
#1085 = EDGE_CURVE('',#1086,#483,#1088,.T.);
#1086 = VERTEX_POINT('',#1087);
#1087 = CARTESIAN_POINT('',(-69.5,-118.,81.5));
#1088 = CIRCLE('',#1089,3.);
#1089 = AXIS2_PLACEMENT_3D('',#1090,#1091,#1092);
#1090 = CARTESIAN_POINT('',(-66.5,-118.,81.5));
#1091 = DIRECTION('',(0.,-1.,6.123233995737E-17));
#1092 = DIRECTION('',(0.,-6.123233995737E-17,-1.));
#1093 = ORIENTED_EDGE('',*,*,#1094,.T.);
#1094 = EDGE_CURVE('',#1086,#1095,#1097,.T.);
#1095 = VERTEX_POINT('',#1096);
#1096 = CARTESIAN_POINT('',(-69.5,-23.,81.5));
#1097 = LINE('',#1098,#1099);
#1098 = CARTESIAN_POINT('',(-69.5,-121.,81.5));
#1099 = VECTOR('',#1100,1.);
#1100 = DIRECTION('',(0.,1.,-2.22044604925E-16));
#1101 = ORIENTED_EDGE('',*,*,#1102,.F.);
#1102 = EDGE_CURVE('',#491,#1095,#1103,.T.);
#1103 = CIRCLE('',#1104,3.);
#1104 = AXIS2_PLACEMENT_3D('',#1105,#1106,#1107);
#1105 = CARTESIAN_POINT('',(-66.5,-23.,81.5));
#1106 = DIRECTION('',(0.,1.,-2.22044604925E-16));
#1107 = DIRECTION('',(0.,2.22044604925E-16,1.));
#1108 = ORIENTED_EDGE('',*,*,#490,.F.);
#1109 = CYLINDRICAL_SURFACE('',#1110,3.);
#1110 = AXIS2_PLACEMENT_3D('',#1111,#1112,#1113);
#1111 = CARTESIAN_POINT('',(-66.5,-121.,81.5));
#1112 = DIRECTION('',(0.,1.,-2.22044604925E-16));
#1113 = DIRECTION('',(0.,-2.22044604925E-16,-1.));
#1114 = ADVANCED_FACE('',(#1115),#1134,.T.);
#1115 = FACE_BOUND('',#1116,.F.);
#1116 = EDGE_LOOP('',(#1117,#1126,#1127,#1128));
#1117 = ORIENTED_EDGE('',*,*,#1118,.T.);
#1118 = EDGE_CURVE('',#1119,#499,#1121,.T.);
#1119 = VERTEX_POINT('',#1120);
#1120 = CARTESIAN_POINT('',(-44.5,-23.,80.));
#1121 = CIRCLE('',#1122,1.5);
#1122 = AXIS2_PLACEMENT_3D('',#1123,#1124,#1125);
#1123 = CARTESIAN_POINT('',(-46.,-23.,80.));
#1124 = DIRECTION('',(0.,1.,2.22044604925E-16));
#1125 = DIRECTION('',(0.,2.22044604925E-16,-1.));
#1126 = ORIENTED_EDGE('',*,*,#506,.T.);
#1127 = ORIENTED_EDGE('',*,*,#1059,.F.);
#1128 = ORIENTED_EDGE('',*,*,#1129,.F.);
#1129 = EDGE_CURVE('',#1119,#1060,#1130,.T.);
#1130 = LINE('',#1131,#1132);
#1131 = CARTESIAN_POINT('',(-44.5,-23.,80.));
#1132 = VECTOR('',#1133,1.);
#1133 = DIRECTION('',(-0.,-1.,-2.22044604925E-16));
#1134 = CYLINDRICAL_SURFACE('',#1135,1.5);
#1135 = AXIS2_PLACEMENT_3D('',#1136,#1137,#1138);
#1136 = CARTESIAN_POINT('',(-46.,-23.,80.));
#1137 = DIRECTION('',(-0.,-1.,-2.22044604925E-16));
#1138 = DIRECTION('',(1.,0.,0.));
#1139 = ADVANCED_FACE('',(#1140,#1185),#1196,.T.);
#1140 = FACE_BOUND('',#1141,.T.);
#1141 = EDGE_LOOP('',(#1142,#1152,#1161,#1167,#1168,#1169,#1170,#1178));
#1142 = ORIENTED_EDGE('',*,*,#1143,.T.);
#1143 = EDGE_CURVE('',#1144,#1146,#1148,.T.);
#1144 = VERTEX_POINT('',#1145);
#1145 = CARTESIAN_POINT('',(-66.5,-23.,103.5));
#1146 = VERTEX_POINT('',#1147);
#1147 = CARTESIAN_POINT('',(-46.,-23.,103.5));
#1148 = LINE('',#1149,#1150);
#1149 = CARTESIAN_POINT('',(-69.5,-23.,103.5));
#1150 = VECTOR('',#1151,1.);
#1151 = DIRECTION('',(1.,0.,0.));
#1152 = ORIENTED_EDGE('',*,*,#1153,.T.);
#1153 = EDGE_CURVE('',#1146,#1154,#1156,.T.);
#1154 = VERTEX_POINT('',#1155);
#1155 = CARTESIAN_POINT('',(-44.5,-23.,102.));
#1156 = CIRCLE('',#1157,1.5);
#1157 = AXIS2_PLACEMENT_3D('',#1158,#1159,#1160);
#1158 = CARTESIAN_POINT('',(-46.,-23.,102.));
#1159 = DIRECTION('',(0.,1.,2.22044604925E-16));
#1160 = DIRECTION('',(0.,2.22044604925E-16,-1.));
#1161 = ORIENTED_EDGE('',*,*,#1162,.T.);
#1162 = EDGE_CURVE('',#1154,#1119,#1163,.T.);
#1163 = LINE('',#1164,#1165);
#1164 = CARTESIAN_POINT('',(-44.5,-23.,103.5));
#1165 = VECTOR('',#1166,1.);
#1166 = DIRECTION('',(0.,2.22044604925E-16,-1.));
#1167 = ORIENTED_EDGE('',*,*,#1118,.T.);
#1168 = ORIENTED_EDGE('',*,*,#498,.T.);
#1169 = ORIENTED_EDGE('',*,*,#1102,.T.);
#1170 = ORIENTED_EDGE('',*,*,#1171,.T.);
#1171 = EDGE_CURVE('',#1095,#1172,#1174,.T.);
#1172 = VERTEX_POINT('',#1173);
#1173 = CARTESIAN_POINT('',(-69.5,-23.,100.5));
#1174 = LINE('',#1175,#1176);
#1175 = CARTESIAN_POINT('',(-69.5,-23.,78.5));
#1176 = VECTOR('',#1177,1.);
#1177 = DIRECTION('',(0.,-2.22044604925E-16,1.));
#1178 = ORIENTED_EDGE('',*,*,#1179,.F.);
#1179 = EDGE_CURVE('',#1144,#1172,#1180,.T.);
#1180 = CIRCLE('',#1181,3.);
#1181 = AXIS2_PLACEMENT_3D('',#1182,#1183,#1184);
#1182 = CARTESIAN_POINT('',(-66.5,-23.,100.5));
#1183 = DIRECTION('',(0.,-1.,2.22044604925E-16));
#1184 = DIRECTION('',(0.,2.22044604925E-16,1.));
#1185 = FACE_BOUND('',#1186,.T.);
#1186 = EDGE_LOOP('',(#1187));
#1187 = ORIENTED_EDGE('',*,*,#1188,.F.);
#1188 = EDGE_CURVE('',#1189,#1189,#1191,.T.);
#1189 = VERTEX_POINT('',#1190);
#1190 = CARTESIAN_POINT('',(-50.05,-23.,90.8));
#1191 = CIRCLE('',#1192,6.75);
#1192 = AXIS2_PLACEMENT_3D('',#1193,#1194,#1195);
#1193 = CARTESIAN_POINT('',(-56.8,-23.,90.8));
#1194 = DIRECTION('',(0.,1.,-2.2E-16));
#1195 = DIRECTION('',(1.,0.,0.));
#1196 = PLANE('',#1197);
#1197 = AXIS2_PLACEMENT_3D('',#1198,#1199,#1200);
#1198 = CARTESIAN_POINT('',(34.25,-23.,74.75));
#1199 = DIRECTION('',(0.,1.,2.246590682361E-16));
#1200 = DIRECTION('',(0.,-2.246590682361E-16,1.));
#1201 = ADVANCED_FACE('',(#1202),#1220,.T.);
#1202 = FACE_BOUND('',#1203,.F.);
#1203 = EDGE_LOOP('',(#1204,#1211,#1212,#1219));
#1204 = ORIENTED_EDGE('',*,*,#1205,.T.);
#1205 = EDGE_CURVE('',#538,#940,#1206,.T.);
#1206 = CIRCLE('',#1207,1.5);
#1207 = AXIS2_PLACEMENT_3D('',#1208,#1209,#1210);
#1208 = CARTESIAN_POINT('',(29.,-102.5,-21.5));
#1209 = DIRECTION('',(-0.,-3.828568698927E-16,-1.));
#1210 = DIRECTION('',(0.,-1.,3.828568698927E-16));
#1211 = ORIENTED_EDGE('',*,*,#948,.T.);
#1212 = ORIENTED_EDGE('',*,*,#1213,.F.);
#1213 = EDGE_CURVE('',#638,#909,#1214,.T.);
#1214 = CIRCLE('',#1215,1.5);
#1215 = AXIS2_PLACEMENT_3D('',#1216,#1217,#1218);
#1216 = CARTESIAN_POINT('',(29.,-102.5,73.5));
#1217 = DIRECTION('',(0.,-2.22044604925E-16,-1.));
#1218 = DIRECTION('',(0.,1.,-2.22044604925E-16));
#1219 = ORIENTED_EDGE('',*,*,#646,.F.);
#1220 = CYLINDRICAL_SURFACE('',#1221,1.5);
#1221 = AXIS2_PLACEMENT_3D('',#1222,#1223,#1224);
#1222 = CARTESIAN_POINT('',(29.,-102.5,-21.5));
#1223 = DIRECTION('',(0.,2.22044604925E-16,1.));
#1224 = DIRECTION('',(0.,1.,-2.22044604925E-16));
#1225 = ADVANCED_FACE('',(#1226),#1246,.T.);
#1226 = FACE_BOUND('',#1227,.T.);
#1227 = EDGE_LOOP('',(#1228,#1229,#1230,#1239));
#1228 = ORIENTED_EDGE('',*,*,#1213,.F.);
#1229 = ORIENTED_EDGE('',*,*,#637,.T.);
#1230 = ORIENTED_EDGE('',*,*,#1231,.T.);
#1231 = EDGE_CURVE('',#630,#1232,#1234,.T.);
#1232 = VERTEX_POINT('',#1233);
#1233 = CARTESIAN_POINT('',(35.5,-102.5,78.5));
#1234 = CIRCLE('',#1235,1.5);
#1235 = AXIS2_PLACEMENT_3D('',#1236,#1237,#1238);
#1236 = CARTESIAN_POINT('',(35.5,-102.5,80.));
#1237 = DIRECTION('',(-1.,1.194831238425E-33,5.381041520142E-18));
#1238 = DIRECTION('',(5.381041520142E-18,2.22044604925E-16,1.));
#1239 = ORIENTED_EDGE('',*,*,#1240,.F.);
#1240 = EDGE_CURVE('',#909,#1232,#1241,.T.);
#1241 = CIRCLE('',#1242,5.);
#1242 = AXIS2_PLACEMENT_3D('',#1243,#1244,#1245);
#1243 = CARTESIAN_POINT('',(35.5,-102.5,73.5));
#1244 = DIRECTION('',(0.,1.,-2.22044604925E-16));
#1245 = DIRECTION('',(-1.,1.479114197289E-32,6.661338147751E-17));
#1246 = TOROIDAL_SURFACE('',#1247,6.5,1.5);
#1247 = AXIS2_PLACEMENT_3D('',#1248,#1249,#1250);
#1248 = CARTESIAN_POINT('',(35.5,-102.5,73.5));
#1249 = DIRECTION('',(0.,1.,-2.22044604925E-16));
#1250 = DIRECTION('',(-1.,1.479114197289E-32,6.661338147751E-17));
#1251 = ADVANCED_FACE('',(#1252),#1271,.T.);
#1252 = FACE_BOUND('',#1253,.F.);
#1253 = EDGE_LOOP('',(#1254,#1255,#1263,#1270));
#1254 = ORIENTED_EDGE('',*,*,#1231,.T.);
#1255 = ORIENTED_EDGE('',*,*,#1256,.T.);
#1256 = EDGE_CURVE('',#1232,#1257,#1259,.T.);
#1257 = VERTEX_POINT('',#1258);
#1258 = CARTESIAN_POINT('',(130.5,-102.5,78.5));
#1259 = LINE('',#1260,#1261);
#1260 = CARTESIAN_POINT('',(35.5,-102.5,78.5));
#1261 = VECTOR('',#1262,1.);
#1262 = DIRECTION('',(1.,0.,0.));
#1263 = ORIENTED_EDGE('',*,*,#1264,.F.);
#1264 = EDGE_CURVE('',#622,#1257,#1265,.T.);
#1265 = CIRCLE('',#1266,1.5);
#1266 = AXIS2_PLACEMENT_3D('',#1267,#1268,#1269);
#1267 = CARTESIAN_POINT('',(130.5,-102.5,80.));
#1268 = DIRECTION('',(-1.,0.,-0.));
#1269 = DIRECTION('',(0.,1.,-2.22044604925E-16));
#1270 = ORIENTED_EDGE('',*,*,#629,.F.);
#1271 = CYLINDRICAL_SURFACE('',#1272,1.5);
#1272 = AXIS2_PLACEMENT_3D('',#1273,#1274,#1275);
#1273 = CARTESIAN_POINT('',(35.5,-102.5,80.));
#1274 = DIRECTION('',(1.,0.,0.));
#1275 = DIRECTION('',(0.,1.,-2.22044604925E-16));
#1276 = ADVANCED_FACE('',(#1277),#1296,.F.);
#1277 = FACE_BOUND('',#1278,.F.);
#1278 = EDGE_LOOP('',(#1279,#1280,#1289,#1295));
#1279 = ORIENTED_EDGE('',*,*,#555,.F.);
#1280 = ORIENTED_EDGE('',*,*,#1281,.F.);
#1281 = EDGE_CURVE('',#1282,#556,#1284,.T.);
#1282 = VERTEX_POINT('',#1283);
#1283 = CARTESIAN_POINT('',(-44.5,-86.,102.));
#1284 = CIRCLE('',#1285,15.);
#1285 = AXIS2_PLACEMENT_3D('',#1286,#1287,#1288);
#1286 = CARTESIAN_POINT('',(-29.5,-86.,102.));
#1287 = DIRECTION('',(0.,-2.22044604925E-16,1.));
#1288 = DIRECTION('',(-1.,2.22044604925E-17,4.930380657631E-33));
#1289 = ORIENTED_EDGE('',*,*,#1290,.T.);
#1290 = EDGE_CURVE('',#1282,#1060,#1291,.T.);
#1291 = LINE('',#1292,#1293);
#1292 = CARTESIAN_POINT('',(-44.5,-86.,103.5));
#1293 = VECTOR('',#1294,1.);
#1294 = DIRECTION('',(0.,2.22044604925E-16,-1.));
#1295 = ORIENTED_EDGE('',*,*,#1068,.T.);
#1296 = CYLINDRICAL_SURFACE('',#1297,15.);
#1297 = AXIS2_PLACEMENT_3D('',#1298,#1299,#1300);
#1298 = CARTESIAN_POINT('',(-29.5,-86.,103.5));
#1299 = DIRECTION('',(0.,2.22044604925E-16,-1.));
#1300 = DIRECTION('',(0.,-1.,-2.22044604925E-16));
#1301 = ADVANCED_FACE('',(#1302),#1329,.F.);
#1302 = FACE_BOUND('',#1303,.F.);
#1303 = EDGE_LOOP('',(#1304,#1305,#1314,#1322));
#1304 = ORIENTED_EDGE('',*,*,#621,.F.);
#1305 = ORIENTED_EDGE('',*,*,#1306,.T.);
#1306 = EDGE_CURVE('',#622,#1307,#1309,.T.);
#1307 = VERTEX_POINT('',#1308);
#1308 = CARTESIAN_POINT('',(145.5,-86.,80.));
#1309 = CIRCLE('',#1310,15.);
#1310 = AXIS2_PLACEMENT_3D('',#1311,#1312,#1313);
#1311 = CARTESIAN_POINT('',(130.5,-86.,80.));
#1312 = DIRECTION('',(0.,-2.22044604925E-16,1.));
#1313 = DIRECTION('',(0.,-1.,-2.22044604925E-16));
#1314 = ORIENTED_EDGE('',*,*,#1315,.T.);
#1315 = EDGE_CURVE('',#1307,#1316,#1318,.T.);
#1316 = VERTEX_POINT('',#1317);
#1317 = CARTESIAN_POINT('',(145.5,-86.,102.));
#1318 = LINE('',#1319,#1320);
#1319 = CARTESIAN_POINT('',(145.5,-86.,78.5));
#1320 = VECTOR('',#1321,1.);
#1321 = DIRECTION('',(0.,-2.22044604925E-16,1.));
#1322 = ORIENTED_EDGE('',*,*,#1323,.T.);
#1323 = EDGE_CURVE('',#1316,#614,#1324,.T.);
#1324 = CIRCLE('',#1325,15.);
#1325 = AXIS2_PLACEMENT_3D('',#1326,#1327,#1328);
#1326 = CARTESIAN_POINT('',(130.5,-86.,102.));
#1327 = DIRECTION('',(0.,2.22044604925E-16,-1.));
#1328 = DIRECTION('',(1.,9.695947748393E-16,2.152932887166E-31));
#1329 = CYLINDRICAL_SURFACE('',#1330,15.);
#1330 = AXIS2_PLACEMENT_3D('',#1331,#1332,#1333);
#1331 = CARTESIAN_POINT('',(130.5,-86.,78.5));
#1332 = DIRECTION('',(0.,-2.22044604925E-16,1.));
#1333 = DIRECTION('',(-0.,-1.,-2.22044604925E-16));
#1334 = ADVANCED_FACE('',(#1335),#1362,.T.);
#1335 = FACE_BOUND('',#1336,.F.);
#1336 = EDGE_LOOP('',(#1337,#1346,#1347,#1356));
#1337 = ORIENTED_EDGE('',*,*,#1338,.T.);
#1338 = EDGE_CURVE('',#1339,#556,#1341,.T.);
#1339 = VERTEX_POINT('',#1340);
#1340 = CARTESIAN_POINT('',(-29.5,-102.5,103.5));
#1341 = CIRCLE('',#1342,1.5);
#1342 = AXIS2_PLACEMENT_3D('',#1343,#1344,#1345);
#1343 = CARTESIAN_POINT('',(-29.5,-102.5,102.));
#1344 = DIRECTION('',(-1.,8.343680044987E-17,1.85266913921E-32));
#1345 = DIRECTION('',(-8.343680044987E-17,-1.,-2.22044604925E-16));
#1346 = ORIENTED_EDGE('',*,*,#563,.T.);
#1347 = ORIENTED_EDGE('',*,*,#1348,.F.);
#1348 = EDGE_CURVE('',#1349,#564,#1351,.T.);
#1349 = VERTEX_POINT('',#1350);
#1350 = CARTESIAN_POINT('',(0.5,-102.5,103.5));
#1351 = CIRCLE('',#1352,1.5);
#1352 = AXIS2_PLACEMENT_3D('',#1353,#1354,#1355);
#1353 = CARTESIAN_POINT('',(0.5,-102.5,102.));
#1354 = DIRECTION('',(-1.,0.,0.));
#1355 = DIRECTION('',(0.,-2.22044604925E-16,1.));
#1356 = ORIENTED_EDGE('',*,*,#1357,.F.);
#1357 = EDGE_CURVE('',#1339,#1349,#1358,.T.);
#1358 = LINE('',#1359,#1360);
#1359 = CARTESIAN_POINT('',(-29.5,-102.5,103.5));
#1360 = VECTOR('',#1361,1.);
#1361 = DIRECTION('',(1.,0.,0.));
#1362 = CYLINDRICAL_SURFACE('',#1363,1.5);
#1363 = AXIS2_PLACEMENT_3D('',#1364,#1365,#1366);
#1364 = CARTESIAN_POINT('',(-29.5,-102.5,102.));
#1365 = DIRECTION('',(1.,0.,0.));
#1366 = DIRECTION('',(0.,-2.22044604925E-16,1.));
#1367 = ADVANCED_FACE('',(#1368),#1395,.T.);
#1368 = FACE_BOUND('',#1369,.F.);
#1369 = EDGE_LOOP('',(#1370,#1379,#1387,#1394));
#1370 = ORIENTED_EDGE('',*,*,#1371,.T.);
#1371 = EDGE_CURVE('',#614,#1372,#1374,.T.);
#1372 = VERTEX_POINT('',#1373);
#1373 = CARTESIAN_POINT('',(130.5,-102.5,103.5));
#1374 = CIRCLE('',#1375,1.5);
#1375 = AXIS2_PLACEMENT_3D('',#1376,#1377,#1378);
#1376 = CARTESIAN_POINT('',(130.5,-102.5,102.));
#1377 = DIRECTION('',(1.,-7.939590982849E-17,-1.762943343053E-32));
#1378 = DIRECTION('',(-7.939590982849E-17,-1.,-2.22044604925E-16));
#1379 = ORIENTED_EDGE('',*,*,#1380,.T.);
#1380 = EDGE_CURVE('',#1372,#1381,#1383,.T.);
#1381 = VERTEX_POINT('',#1382);
#1382 = CARTESIAN_POINT('',(35.5,-102.5,103.5));
#1383 = LINE('',#1384,#1385);
#1384 = CARTESIAN_POINT('',(130.5,-102.5,103.5));
#1385 = VECTOR('',#1386,1.);
#1386 = DIRECTION('',(-1.,0.,0.));
#1387 = ORIENTED_EDGE('',*,*,#1388,.F.);
#1388 = EDGE_CURVE('',#605,#1381,#1389,.T.);
#1389 = CIRCLE('',#1390,1.5);
#1390 = AXIS2_PLACEMENT_3D('',#1391,#1392,#1393);
#1391 = CARTESIAN_POINT('',(35.5,-102.5,102.));
#1392 = DIRECTION('',(1.,-0.,0.));
#1393 = DIRECTION('',(0.,1.,-2.22044604925E-16));
#1394 = ORIENTED_EDGE('',*,*,#613,.F.);
#1395 = CYLINDRICAL_SURFACE('',#1396,1.5);
#1396 = AXIS2_PLACEMENT_3D('',#1397,#1398,#1399);
#1397 = CARTESIAN_POINT('',(130.5,-102.5,102.));
#1398 = DIRECTION('',(-1.,0.,0.));
#1399 = DIRECTION('',(0.,1.,-2.22044604925E-16));
#1400 = ADVANCED_FACE('',(#1401),#1421,.T.);
#1401 = FACE_BOUND('',#1402,.T.);
#1402 = EDGE_LOOP('',(#1403,#1404,#1413,#1420));
#1403 = ORIENTED_EDGE('',*,*,#1348,.F.);
#1404 = ORIENTED_EDGE('',*,*,#1405,.T.);
#1405 = EDGE_CURVE('',#1349,#1406,#1408,.T.);
#1406 = VERTEX_POINT('',#1407);
#1407 = CARTESIAN_POINT('',(5.5,-102.5,108.5));
#1408 = CIRCLE('',#1409,5.);
#1409 = AXIS2_PLACEMENT_3D('',#1410,#1411,#1412);
#1410 = CARTESIAN_POINT('',(0.5,-102.5,108.5));
#1411 = DIRECTION('',(0.,-1.,2.22044604925E-16));
#1412 = DIRECTION('',(3.10862446895E-16,-2.22044604925E-16,-1.));
#1413 = ORIENTED_EDGE('',*,*,#1414,.T.);
#1414 = EDGE_CURVE('',#1406,#572,#1415,.T.);
#1415 = CIRCLE('',#1416,1.5);
#1416 = AXIS2_PLACEMENT_3D('',#1417,#1418,#1419);
#1417 = CARTESIAN_POINT('',(7.,-102.5,108.5));
#1418 = DIRECTION('',(2.758550201264E-17,-2.22044604925E-16,-1.));
#1419 = DIRECTION('',(1.,6.125211896056E-33,2.758550201264E-17));
#1420 = ORIENTED_EDGE('',*,*,#571,.F.);
#1421 = TOROIDAL_SURFACE('',#1422,6.5,1.5);
#1422 = AXIS2_PLACEMENT_3D('',#1423,#1424,#1425);
#1423 = CARTESIAN_POINT('',(0.5,-102.5,108.5));
#1424 = DIRECTION('',(0.,-1.,2.22044604925E-16));
#1425 = DIRECTION('',(3.10862446895E-16,-2.22044604925E-16,-1.));
#1426 = ADVANCED_FACE('',(#1427),#1447,.T.);
#1427 = FACE_BOUND('',#1428,.T.);
#1428 = EDGE_LOOP('',(#1429,#1430,#1431,#1440));
#1429 = ORIENTED_EDGE('',*,*,#1388,.F.);
#1430 = ORIENTED_EDGE('',*,*,#604,.T.);
#1431 = ORIENTED_EDGE('',*,*,#1432,.T.);
#1432 = EDGE_CURVE('',#597,#1433,#1435,.T.);
#1433 = VERTEX_POINT('',#1434);
#1434 = CARTESIAN_POINT('',(30.5,-102.5,108.5));
#1435 = CIRCLE('',#1436,1.5);
#1436 = AXIS2_PLACEMENT_3D('',#1437,#1438,#1439);
#1437 = CARTESIAN_POINT('',(29.,-102.5,108.5));
#1438 = DIRECTION('',(-2.758550201265E-17,-2.22044604925E-16,-1.));
#1439 = DIRECTION('',(-1.,6.125211896056E-33,2.758550201265E-17));
#1440 = ORIENTED_EDGE('',*,*,#1441,.F.);
#1441 = EDGE_CURVE('',#1381,#1433,#1442,.T.);
#1442 = CIRCLE('',#1443,5.);
#1443 = AXIS2_PLACEMENT_3D('',#1444,#1445,#1446);
#1444 = CARTESIAN_POINT('',(35.5,-102.5,108.5));
#1445 = DIRECTION('',(0.,1.,-2.22044604925E-16));
#1446 = DIRECTION('',(-1.42108547152E-15,-2.22044604925E-16,-1.));
#1447 = TOROIDAL_SURFACE('',#1448,6.5,1.5);
#1448 = AXIS2_PLACEMENT_3D('',#1449,#1450,#1451);
#1449 = CARTESIAN_POINT('',(35.5,-102.5,108.5));
#1450 = DIRECTION('',(0.,1.,-2.22044604925E-16));
#1451 = DIRECTION('',(-1.42108547152E-15,-2.22044604925E-16,-1.));
#1452 = ADVANCED_FACE('',(#1453),#1472,.T.);
#1453 = FACE_BOUND('',#1454,.F.);
#1454 = EDGE_LOOP('',(#1455,#1456,#1457,#1466));
#1455 = ORIENTED_EDGE('',*,*,#1414,.T.);
#1456 = ORIENTED_EDGE('',*,*,#580,.T.);
#1457 = ORIENTED_EDGE('',*,*,#1458,.F.);
#1458 = EDGE_CURVE('',#1459,#581,#1461,.T.);
#1459 = VERTEX_POINT('',#1460);
#1460 = CARTESIAN_POINT('',(5.5,-102.5,138.5));
#1461 = CIRCLE('',#1462,1.5);
#1462 = AXIS2_PLACEMENT_3D('',#1463,#1464,#1465);
#1463 = CARTESIAN_POINT('',(7.,-102.5,138.5));
#1464 = DIRECTION('',(-0.,-2.22044604925E-16,-1.));
#1465 = DIRECTION('',(-1.,0.,0.));
#1466 = ORIENTED_EDGE('',*,*,#1467,.F.);
#1467 = EDGE_CURVE('',#1406,#1459,#1468,.T.);
#1468 = LINE('',#1469,#1470);
#1469 = CARTESIAN_POINT('',(5.5,-102.5,108.5));
#1470 = VECTOR('',#1471,1.);
#1471 = DIRECTION('',(0.,2.22044604925E-16,1.));
#1472 = CYLINDRICAL_SURFACE('',#1473,1.5);
#1473 = AXIS2_PLACEMENT_3D('',#1474,#1475,#1476);
#1474 = CARTESIAN_POINT('',(7.,-102.5,108.5));
#1475 = DIRECTION('',(0.,2.22044604925E-16,1.));
#1476 = DIRECTION('',(-1.,0.,0.));
#1477 = ADVANCED_FACE('',(#1478),#1497,.T.);
#1478 = FACE_BOUND('',#1479,.F.);
#1479 = EDGE_LOOP('',(#1480,#1481,#1489,#1496));
#1480 = ORIENTED_EDGE('',*,*,#1432,.T.);
#1481 = ORIENTED_EDGE('',*,*,#1482,.T.);
#1482 = EDGE_CURVE('',#1433,#1483,#1485,.T.);
#1483 = VERTEX_POINT('',#1484);
#1484 = CARTESIAN_POINT('',(30.5,-102.5,138.5));
#1485 = LINE('',#1486,#1487);
#1486 = CARTESIAN_POINT('',(30.5,-102.5,108.5));
#1487 = VECTOR('',#1488,1.);
#1488 = DIRECTION('',(0.,2.22044604925E-16,1.));
#1489 = ORIENTED_EDGE('',*,*,#1490,.F.);
#1490 = EDGE_CURVE('',#589,#1483,#1491,.T.);
#1491 = CIRCLE('',#1492,1.5);
#1492 = AXIS2_PLACEMENT_3D('',#1493,#1494,#1495);
#1493 = CARTESIAN_POINT('',(29.,-102.5,138.5));
#1494 = DIRECTION('',(0.,-2.22044604925E-16,-1.));
#1495 = DIRECTION('',(0.,1.,-2.22044604925E-16));
#1496 = ORIENTED_EDGE('',*,*,#596,.F.);
#1497 = CYLINDRICAL_SURFACE('',#1498,1.5);
#1498 = AXIS2_PLACEMENT_3D('',#1499,#1500,#1501);
#1499 = CARTESIAN_POINT('',(29.,-102.5,108.5));
#1500 = DIRECTION('',(0.,2.22044604925E-16,1.));
#1501 = DIRECTION('',(0.,1.,-2.22044604925E-16));
#1502 = ADVANCED_FACE('',(#1503),#1530,.F.);
#1503 = FACE_BOUND('',#1504,.F.);
#1504 = EDGE_LOOP('',(#1505,#1506,#1515,#1523));
#1505 = ORIENTED_EDGE('',*,*,#588,.F.);
#1506 = ORIENTED_EDGE('',*,*,#1507,.T.);
#1507 = EDGE_CURVE('',#589,#1508,#1510,.T.);
#1508 = VERTEX_POINT('',#1509);
#1509 = CARTESIAN_POINT('',(29.,-86.,153.5));
#1510 = CIRCLE('',#1511,15.);
#1511 = AXIS2_PLACEMENT_3D('',#1512,#1513,#1514);
#1512 = CARTESIAN_POINT('',(29.,-86.,138.5));
#1513 = DIRECTION('',(-1.,0.,0.));
#1514 = DIRECTION('',(0.,-1.,1.894780628694E-15));
#1515 = ORIENTED_EDGE('',*,*,#1516,.T.);
#1516 = EDGE_CURVE('',#1508,#1517,#1519,.T.);
#1517 = VERTEX_POINT('',#1518);
#1518 = CARTESIAN_POINT('',(7.,-86.,153.5));
#1519 = LINE('',#1520,#1521);
#1520 = CARTESIAN_POINT('',(30.5,-86.,153.5));
#1521 = VECTOR('',#1522,1.);
#1522 = DIRECTION('',(-1.,0.,0.));
#1523 = ORIENTED_EDGE('',*,*,#1524,.F.);
#1524 = EDGE_CURVE('',#581,#1517,#1525,.T.);
#1525 = CIRCLE('',#1526,15.);
#1526 = AXIS2_PLACEMENT_3D('',#1527,#1528,#1529);
#1527 = CARTESIAN_POINT('',(7.,-86.,138.5));
#1528 = DIRECTION('',(-1.,0.,0.));
#1529 = DIRECTION('',(0.,-1.,1.894780628694E-15));
#1530 = CYLINDRICAL_SURFACE('',#1531,15.);
#1531 = AXIS2_PLACEMENT_3D('',#1532,#1533,#1534);
#1532 = CARTESIAN_POINT('',(30.5,-86.,138.5));
#1533 = DIRECTION('',(-1.,0.,0.));
#1534 = DIRECTION('',(0.,-1.,2.22044604925E-16));
#1535 = ADVANCED_FACE('',(#1536),#1561,.F.);
#1536 = FACE_BOUND('',#1537,.F.);
#1537 = EDGE_LOOP('',(#1538,#1546,#1554,#1560));
#1538 = ORIENTED_EDGE('',*,*,#1539,.T.);
#1539 = EDGE_CURVE('',#655,#1540,#1542,.T.);
#1540 = VERTEX_POINT('',#1541);
#1541 = CARTESIAN_POINT('',(7.5,-76.,77.9));
#1542 = LINE('',#1543,#1544);
#1543 = CARTESIAN_POINT('',(7.5,-101.,77.9));
#1544 = VECTOR('',#1545,1.);
#1545 = DIRECTION('',(0.,1.,2.22044604925E-16));
#1546 = ORIENTED_EDGE('',*,*,#1547,.T.);
#1547 = EDGE_CURVE('',#1540,#1548,#1550,.T.);
#1548 = VERTEX_POINT('',#1549);
#1549 = CARTESIAN_POINT('',(7.5,-76.,104.1));
#1550 = LINE('',#1551,#1552);
#1551 = CARTESIAN_POINT('',(7.5,-76.,77.9));
#1552 = VECTOR('',#1553,1.);
#1553 = DIRECTION('',(0.,-2.22044604925E-16,1.));
#1554 = ORIENTED_EDGE('',*,*,#1555,.F.);
#1555 = EDGE_CURVE('',#657,#1548,#1556,.T.);
#1556 = LINE('',#1557,#1558);
#1557 = CARTESIAN_POINT('',(7.5,-101.,104.1));
#1558 = VECTOR('',#1559,1.);
#1559 = DIRECTION('',(0.,1.,2.22044604925E-16));
#1560 = ORIENTED_EDGE('',*,*,#654,.F.);
#1561 = PLANE('',#1562);
#1562 = AXIS2_PLACEMENT_3D('',#1563,#1564,#1565);
#1563 = CARTESIAN_POINT('',(7.5,-101.,77.9));
#1564 = DIRECTION('',(1.,0.,0.));
#1565 = DIRECTION('',(0.,-2.22044604925E-16,1.));
#1566 = ADVANCED_FACE('',(#1567),#1585,.F.);
#1567 = FACE_BOUND('',#1568,.F.);
#1568 = EDGE_LOOP('',(#1569,#1570,#1578,#1584));
#1569 = ORIENTED_EDGE('',*,*,#1555,.T.);
#1570 = ORIENTED_EDGE('',*,*,#1571,.T.);
#1571 = EDGE_CURVE('',#1548,#1572,#1574,.T.);
#1572 = VERTEX_POINT('',#1573);
#1573 = CARTESIAN_POINT('',(28.5,-76.,104.1));
#1574 = LINE('',#1575,#1576);
#1575 = CARTESIAN_POINT('',(7.5,-76.,104.1));
#1576 = VECTOR('',#1577,1.);
#1577 = DIRECTION('',(1.,0.,0.));
#1578 = ORIENTED_EDGE('',*,*,#1579,.F.);
#1579 = EDGE_CURVE('',#673,#1572,#1580,.T.);
#1580 = LINE('',#1581,#1582);
#1581 = CARTESIAN_POINT('',(28.5,-101.,104.1));
#1582 = VECTOR('',#1583,1.);
#1583 = DIRECTION('',(0.,1.,2.22044604925E-16));
#1584 = ORIENTED_EDGE('',*,*,#680,.F.);
#1585 = PLANE('',#1586);
#1586 = AXIS2_PLACEMENT_3D('',#1587,#1588,#1589);
#1587 = CARTESIAN_POINT('',(7.5,-101.,104.1));
#1588 = DIRECTION('',(0.,2.22044604925E-16,-1.));
#1589 = DIRECTION('',(1.,0.,0.));
#1590 = ADVANCED_FACE('',(#1591),#1609,.F.);
#1591 = FACE_BOUND('',#1592,.F.);
#1592 = EDGE_LOOP('',(#1593,#1594,#1602,#1608));
#1593 = ORIENTED_EDGE('',*,*,#1579,.T.);
#1594 = ORIENTED_EDGE('',*,*,#1595,.T.);
#1595 = EDGE_CURVE('',#1572,#1596,#1598,.T.);
#1596 = VERTEX_POINT('',#1597);
#1597 = CARTESIAN_POINT('',(28.5,-76.,77.9));
#1598 = LINE('',#1599,#1600);
#1599 = CARTESIAN_POINT('',(28.5,-76.,104.1));
#1600 = VECTOR('',#1601,1.);
#1601 = DIRECTION('',(0.,2.22044604925E-16,-1.));
#1602 = ORIENTED_EDGE('',*,*,#1603,.F.);
#1603 = EDGE_CURVE('',#665,#1596,#1604,.T.);
#1604 = LINE('',#1605,#1606);
#1605 = CARTESIAN_POINT('',(28.5,-101.,77.9));
#1606 = VECTOR('',#1607,1.);
#1607 = DIRECTION('',(0.,1.,2.22044604925E-16));
#1608 = ORIENTED_EDGE('',*,*,#672,.F.);
#1609 = PLANE('',#1610);
#1610 = AXIS2_PLACEMENT_3D('',#1611,#1612,#1613);
#1611 = CARTESIAN_POINT('',(28.5,-101.,104.1));
#1612 = DIRECTION('',(-1.,0.,0.));
#1613 = DIRECTION('',(0.,2.22044604925E-16,-1.));
#1614 = ADVANCED_FACE('',(#1615),#1626,.F.);
#1615 = FACE_BOUND('',#1616,.F.);
#1616 = EDGE_LOOP('',(#1617,#1618,#1624,#1625));
#1617 = ORIENTED_EDGE('',*,*,#1603,.T.);
#1618 = ORIENTED_EDGE('',*,*,#1619,.T.);
#1619 = EDGE_CURVE('',#1596,#1540,#1620,.T.);
#1620 = LINE('',#1621,#1622);
#1621 = CARTESIAN_POINT('',(28.5,-76.,77.9));
#1622 = VECTOR('',#1623,1.);
#1623 = DIRECTION('',(-1.,0.,0.));
#1624 = ORIENTED_EDGE('',*,*,#1539,.F.);
#1625 = ORIENTED_EDGE('',*,*,#664,.F.);
#1626 = PLANE('',#1627);
#1627 = AXIS2_PLACEMENT_3D('',#1628,#1629,#1630);
#1628 = CARTESIAN_POINT('',(28.5,-101.,77.9));
#1629 = DIRECTION('',(0.,-2.22044604925E-16,1.));
#1630 = DIRECTION('',(-1.,0.,0.));
#1631 = ADVANCED_FACE('',(#1632),#1644,.T.);
#1632 = FACE_BOUND('',#1633,.T.);
#1633 = EDGE_LOOP('',(#1634,#1635,#1636,#1643));
#1634 = ORIENTED_EDGE('',*,*,#694,.F.);
#1635 = ORIENTED_EDGE('',*,*,#874,.T.);
#1636 = ORIENTED_EDGE('',*,*,#1637,.F.);
#1637 = EDGE_CURVE('',#785,#867,#1638,.T.);
#1638 = CIRCLE('',#1639,3.);
#1639 = AXIS2_PLACEMENT_3D('',#1640,#1641,#1642);
#1640 = CARTESIAN_POINT('',(27.5,-118.,-58.5));
#1641 = DIRECTION('',(1.,0.,0.));
#1642 = DIRECTION('',(0.,-1.,0.));
#1643 = ORIENTED_EDGE('',*,*,#792,.F.);
#1644 = CYLINDRICAL_SURFACE('',#1645,3.);
#1645 = AXIS2_PLACEMENT_3D('',#1646,#1647,#1648);
#1646 = CARTESIAN_POINT('',(5.5,-118.,-58.5));
#1647 = DIRECTION('',(1.,0.,0.));
#1648 = DIRECTION('',(0.,-1.,2.22044604925E-16));
#1649 = ADVANCED_FACE('',(#1650),#1675,.T.);
#1650 = FACE_BOUND('',#1651,.T.);
#1651 = EDGE_LOOP('',(#1652,#1653,#1662,#1668));
#1652 = ORIENTED_EDGE('',*,*,#720,.F.);
#1653 = ORIENTED_EDGE('',*,*,#1654,.T.);
#1654 = EDGE_CURVE('',#721,#1655,#1657,.T.);
#1655 = VERTEX_POINT('',#1656);
#1656 = CARTESIAN_POINT('',(-69.5,-118.,100.5));
#1657 = CIRCLE('',#1658,3.);
#1658 = AXIS2_PLACEMENT_3D('',#1659,#1660,#1661);
#1659 = CARTESIAN_POINT('',(-66.5,-118.,100.5));
#1660 = DIRECTION('',(0.,2.22044604925E-16,-1.));
#1661 = DIRECTION('',(0.,-1.,-2.22044604925E-16));
#1662 = ORIENTED_EDGE('',*,*,#1663,.T.);
#1663 = EDGE_CURVE('',#1655,#1086,#1664,.T.);
#1664 = LINE('',#1665,#1666);
#1665 = CARTESIAN_POINT('',(-69.5,-118.,103.5));
#1666 = VECTOR('',#1667,1.);
#1667 = DIRECTION('',(0.,-2.22044604925E-16,-1.));
#1668 = ORIENTED_EDGE('',*,*,#1669,.T.);
#1669 = EDGE_CURVE('',#1086,#713,#1670,.T.);
#1670 = CIRCLE('',#1671,3.);
#1671 = AXIS2_PLACEMENT_3D('',#1672,#1673,#1674);
#1672 = CARTESIAN_POINT('',(-66.5,-118.,81.5));
#1673 = DIRECTION('',(-0.,0.,1.));
#1674 = DIRECTION('',(0.,-1.,0.));
#1675 = CYLINDRICAL_SURFACE('',#1676,3.);
#1676 = AXIS2_PLACEMENT_3D('',#1677,#1678,#1679);
#1677 = CARTESIAN_POINT('',(-66.5,-118.,103.5));
#1678 = DIRECTION('',(0.,-2.22044604925E-16,-1.));
#1679 = DIRECTION('',(0.,-1.,2.22044604925E-16));
#1680 = ADVANCED_FACE('',(#1681),#1719,.T.);
#1681 = FACE_BOUND('',#1682,.F.);
#1682 = EDGE_LOOP('',(#1683,#1684,#1691,#1692));
#1683 = ORIENTED_EDGE('',*,*,#916,.F.);
#1684 = ORIENTED_EDGE('',*,*,#1685,.T.);
#1685 = EDGE_CURVE('',#917,#785,#1686,.T.);
#1686 = CIRCLE('',#1687,3.);
#1687 = AXIS2_PLACEMENT_3D('',#1688,#1689,#1690);
#1688 = CARTESIAN_POINT('',(27.5,-118.,-58.5));
#1689 = DIRECTION('',(0.,0.,-1.));
#1690 = DIRECTION('',(0.,-1.,0.));
#1691 = ORIENTED_EDGE('',*,*,#784,.T.);
#1692 = ORIENTED_EDGE('',*,*,#1693,.T.);
#1693 = EDGE_CURVE('',#777,#907,#1694,.T.);
#1694 = ( BOUNDED_CURVE() B_SPLINE_CURVE(12,(#1695,#1696,#1697,#1698,
    #1699,#1700,#1701,#1702,#1703,#1704,#1705,#1706,#1707,#1708,#1709,
    #1710,#1711,#1712,#1713,#1714,#1715,#1716,#1717,#1718),
.UNSPECIFIED.,.F.,.F.) B_SPLINE_CURVE_WITH_KNOTS((13,11,13),(
    2.375107014066E-09,2.865148342966,5.730296683556),.UNSPECIFIED.) 
CURVE() GEOMETRIC_REPRESENTATION_ITEM() RATIONAL_B_SPLINE_CURVE((1.,1.,
    1.,1.,0.999999999999,1.000000000001,0.999999999999,1.000000000001,
    0.999999999999,1.,1.,1.,1.,1.,0.999999999999,1.000000000002,
    0.999999999998,1.000000000002,0.999999999999,1.000000000001,1.,1.,1.
,1.)) REPRESENTATION_ITEM('') );
#1695 = CARTESIAN_POINT('',(27.5,-121.,81.499999992187));
#1696 = CARTESIAN_POINT('',(27.607099256771,-121.,81.214401969053));
#1697 = CARTESIAN_POINT('',(27.714216132889,-120.9957986292,
    80.928791767684));
#1698 = CARTESIAN_POINT('',(27.821253265445,-120.9874732593,
    80.643031722941));
#1699 = CARTESIAN_POINT('',(27.928175022141,-120.9749826694,
    80.356932328336));
#1700 = CARTESIAN_POINT('',(28.034975000772,-120.9582504921,
    80.070229853813));
#1701 = CARTESIAN_POINT('',(28.141669459888,-120.9372049364,
    79.782528602481));
#1702 = CARTESIAN_POINT('',(28.248316678011,-120.9117747864,
    79.493207807783));
#1703 = CARTESIAN_POINT('',(28.355062241654,-120.8818416768,
    79.201293171065));
#1704 = CARTESIAN_POINT('',(28.462210261826,-120.8471486444,
    78.9052930396));
#1705 = CARTESIAN_POINT('',(28.57032051937,-120.8071649564,
    78.602999224993));
#1706 = CARTESIAN_POINT('',(28.680331538815,-120.7609072148,
    78.291252462044));
#1707 = CARTESIAN_POINT('',(28.907087643166,-120.652526259,
    77.640092553977));
#1708 = CARTESIAN_POINT('',(29.02411046517,-120.5903708295,
    77.300433520419));
#1709 = CARTESIAN_POINT('',(29.143856378541,-120.5181280929,
    76.944914078331));
#1710 = CARTESIAN_POINT('',(29.280027546026,-120.4351233836,
    76.55505306901));
#1711 = CARTESIAN_POINT('',(29.401392598155,-120.327681537,
    76.167085911181));
#1712 = CARTESIAN_POINT('',(29.583050580932,-120.217967662,
    75.672065206166));
#1713 = CARTESIAN_POINT('',(29.728545607975,-120.0260233131,
    75.244392377141));
#1714 = CARTESIAN_POINT('',(29.93771355275,-119.8552324474,
    74.644847373619));
#1715 = CARTESIAN_POINT('',(30.203111849359,-119.5073561894,
    74.103438385962));
#1716 = CARTESIAN_POINT('',(30.399979652424,-119.0474160928,
    73.700911684836));
#1717 = CARTESIAN_POINT('',(30.5,-118.5235963784,73.5));
#1718 = CARTESIAN_POINT('',(30.5,-118.,73.5));
#1719 = CYLINDRICAL_SURFACE('',#1720,3.);
#1720 = AXIS2_PLACEMENT_3D('',#1721,#1722,#1723);
#1721 = CARTESIAN_POINT('',(27.5,-118.,-61.5));
#1722 = DIRECTION('',(0.,2.22044604925E-16,1.));
#1723 = DIRECTION('',(1.,0.,0.));
#1724 = ADVANCED_FACE('',(#1725),#1772,.T.);
#1725 = FACE_BOUND('',#1726,.F.);
#1726 = EDGE_LOOP('',(#1727,#1737,#1764,#1765));
#1727 = ORIENTED_EDGE('',*,*,#1728,.F.);
#1728 = EDGE_CURVE('',#1729,#1731,#1733,.T.);
#1729 = VERTEX_POINT('',#1730);
#1730 = CARTESIAN_POINT('',(0.5,-118.,103.5));
#1731 = VERTEX_POINT('',#1732);
#1732 = CARTESIAN_POINT('',(-66.5,-118.,103.5));
#1733 = LINE('',#1734,#1735);
#1734 = CARTESIAN_POINT('',(5.5,-118.,103.5));
#1735 = VECTOR('',#1736,1.);
#1736 = DIRECTION('',(-1.,0.,0.));
#1737 = ORIENTED_EDGE('',*,*,#1738,.F.);
#1738 = EDGE_CURVE('',#729,#1729,#1739,.T.);
#1739 = ( BOUNDED_CURVE() B_SPLINE_CURVE(12,(#1740,#1741,#1742,#1743,
    #1744,#1745,#1746,#1747,#1748,#1749,#1750,#1751,#1752,#1753,#1754,
    #1755,#1756,#1757,#1758,#1759,#1760,#1761,#1762,#1763),
.UNSPECIFIED.,.F.,.F.) B_SPLINE_CURVE_WITH_KNOTS((13,11,13),(
    2.96829799116E-08,2.865148356619,5.730296683556),.UNSPECIFIED.) 
CURVE() GEOMETRIC_REPRESENTATION_ITEM() RATIONAL_B_SPLINE_CURVE((1.,1.,
    1.,1.000000000001,0.999999999999,1.000000000002,0.999999999998,
    1.000000000002,0.999999999999,1.,1.,1.,1.,1.,1.000000000001,
    0.999999999998,1.000000000002,0.999999999998,1.000000000001,
0.999999999999,1.,1.,1.,1.)) REPRESENTATION_ITEM('') );
#1740 = CARTESIAN_POINT('',(8.49999997559,-121.,100.50000002441));
#1741 = CARTESIAN_POINT('',(8.214401941265,-120.9999999995,
    100.60709927202));
#1742 = CARTESIAN_POINT('',(7.928791737273,-120.9957986284,
    100.71421614365));
#1743 = CARTESIAN_POINT('',(7.643031691687,-120.9874732582,
    100.82125327352));
#1744 = CARTESIAN_POINT('',(7.356932298985,-120.9749826679,
    100.92817503028));
#1745 = CARTESIAN_POINT('',(7.070229827781,-120.9582504903,
    101.03497501043));
#1746 = CARTESIAN_POINT('',(6.782528579339,-120.9372049343,
    101.14166947066));
#1747 = CARTESIAN_POINT('',(6.49320778599,-120.9117747841,
    101.24831668842));
#1748 = CARTESIAN_POINT('',(6.201293149137,-120.8818416743,
    101.35506225029));
#1749 = CARTESIAN_POINT('',(5.905293017233,-120.8471486418,
    101.46221026848));
#1750 = CARTESIAN_POINT('',(5.602999203338,-120.8071649537,
    101.57032052531));
#1751 = CARTESIAN_POINT('',(5.291252442599,-120.7609072119,
    101.68033154566));
#1752 = CARTESIAN_POINT('',(4.640092536185,-120.6525262558,
    101.90708764928));
#1753 = CARTESIAN_POINT('',(4.300433503394,-120.5903708261,
    102.02411047096));
#1754 = CARTESIAN_POINT('',(3.944914061873,-120.5181280893,
    102.14385638409));
#1755 = CARTESIAN_POINT('',(3.555053053683,-120.4351233795,
    102.28002755123));
#1756 = CARTESIAN_POINT('',(3.167085895425,-120.3276815333,
    102.40139260339));
#1757 = CARTESIAN_POINT('',(2.672065193176,-120.2179676566,
    102.58305058591));
#1758 = CARTESIAN_POINT('',(2.244392363401,-120.026023309,
    102.72854561236));
#1759 = CARTESIAN_POINT('',(1.644847363028,-119.8552324408,
    102.9377135581));
#1760 = CARTESIAN_POINT('',(1.103438380294,-119.5073561829,
    103.20311185208));
#1761 = CARTESIAN_POINT('',(0.700911682907,-119.0474160878,
    103.39997965339));
#1762 = CARTESIAN_POINT('',(0.5,-118.5235963759,103.5));
#1763 = CARTESIAN_POINT('',(0.5,-118.,103.5));
#1764 = ORIENTED_EDGE('',*,*,#728,.T.);
#1765 = ORIENTED_EDGE('',*,*,#1766,.F.);
#1766 = EDGE_CURVE('',#1731,#721,#1767,.T.);
#1767 = CIRCLE('',#1768,3.);
#1768 = AXIS2_PLACEMENT_3D('',#1769,#1770,#1771);
#1769 = CARTESIAN_POINT('',(-66.5,-118.,100.5));
#1770 = DIRECTION('',(1.,0.,0.));
#1771 = DIRECTION('',(0.,-1.,-2.22044604925E-16));
#1772 = CYLINDRICAL_SURFACE('',#1773,3.);
#1773 = AXIS2_PLACEMENT_3D('',#1774,#1775,#1776);
#1774 = CARTESIAN_POINT('',(5.5,-118.,100.5));
#1775 = DIRECTION('',(-1.,0.,0.));
#1776 = DIRECTION('',(0.,-2.22044604925E-16,1.));
#1777 = ADVANCED_FACE('',(#1778),#1825,.T.);
#1778 = FACE_BOUND('',#1779,.F.);
#1779 = EDGE_LOOP('',(#1780,#1790,#1817,#1818));
#1780 = ORIENTED_EDGE('',*,*,#1781,.F.);
#1781 = EDGE_CURVE('',#1782,#1784,#1786,.T.);
#1782 = VERTEX_POINT('',#1783);
#1783 = CARTESIAN_POINT('',(35.5,-118.,78.5));
#1784 = VERTEX_POINT('',#1785);
#1785 = CARTESIAN_POINT('',(167.5,-118.,78.5));
#1786 = LINE('',#1787,#1788);
#1787 = CARTESIAN_POINT('',(30.5,-118.,78.5));
#1788 = VECTOR('',#1789,1.);
#1789 = DIRECTION('',(1.,0.,0.));
#1790 = ORIENTED_EDGE('',*,*,#1791,.F.);
#1791 = EDGE_CURVE('',#777,#1782,#1792,.T.);
#1792 = ( BOUNDED_CURVE() B_SPLINE_CURVE(12,(#1793,#1794,#1795,#1796,
    #1797,#1798,#1799,#1800,#1801,#1802,#1803,#1804,#1805,#1806,#1807,
    #1808,#1809,#1810,#1811,#1812,#1813,#1814,#1815,#1816),
.UNSPECIFIED.,.F.,.F.) B_SPLINE_CURVE_WITH_KNOTS((13,11,13),(
    2.375107014066E-09,2.865148342966,5.730296683556),.UNSPECIFIED.) 
CURVE() GEOMETRIC_REPRESENTATION_ITEM() RATIONAL_B_SPLINE_CURVE((1.,1.,
    1.,1.,0.999999999999,1.000000000001,0.999999999999,1.000000000001,
    0.999999999999,1.,1.,1.,1.,1.,0.999999999999,1.000000000002,
    0.999999999998,1.000000000002,0.999999999999,1.000000000001,1.,1.,1.
,1.)) REPRESENTATION_ITEM('') );
#1793 = CARTESIAN_POINT('',(27.5,-121.,81.5));
#1794 = CARTESIAN_POINT('',(27.785598023916,-120.9999999998,
    81.392900736197));
#1795 = CARTESIAN_POINT('',(28.071208233221,-120.9957986292,
    81.285783868018));
#1796 = CARTESIAN_POINT('',(28.356968282313,-120.9874732595,
    81.178746739806));
#1797 = CARTESIAN_POINT('',(28.643067675733,-120.9749826695,
    81.071824981932));
#1798 = CARTESIAN_POINT('',(28.929770146204,-120.9582504921,
    80.965024999238));
#1799 = CARTESIAN_POINT('',(29.217471394255,-120.9372049363,
    80.858330536857));
#1800 = CARTESIAN_POINT('',(29.506792188683,-120.9117747863,
    80.751683318447));
#1801 = CARTESIAN_POINT('',(29.798706827961,-120.8818416767,
    80.644937757377));
#1802 = CARTESIAN_POINT('',(30.094706962458,-120.8471486444,
    80.537789740229));
#1803 = CARTESIAN_POINT('',(30.397000777617,-120.8071649565,
    80.429679483242));
#1804 = CARTESIAN_POINT('',(30.708747537956,-120.7609072148,
    80.319668461184));
#1805 = CARTESIAN_POINT('',(31.359907446023,-120.652526259,
    80.092912356834));
#1806 = CARTESIAN_POINT('',(31.699566479581,-120.5903708295,
    79.97588953483));
#1807 = CARTESIAN_POINT('',(32.055085921669,-120.5181280929,
    79.85614362146));
#1808 = CARTESIAN_POINT('',(32.44494693099,-120.4351233836,
    79.719972453974));
#1809 = CARTESIAN_POINT('',(32.832914088819,-120.327681537,
    79.598607401847));
#1810 = CARTESIAN_POINT('',(33.327934793835,-120.217967662,
    79.416949419066));
#1811 = CARTESIAN_POINT('',(33.755607622858,-120.0260233131,
    79.271454392027));
#1812 = CARTESIAN_POINT('',(34.355152626382,-119.8552324474,
    79.062286447249));
#1813 = CARTESIAN_POINT('',(34.896561614038,-119.5073561894,
    78.796888150642));
#1814 = CARTESIAN_POINT('',(35.299088315163,-119.0474160928,
    78.600020347576));
#1815 = CARTESIAN_POINT('',(35.5,-118.5235963784,78.5));
#1816 = CARTESIAN_POINT('',(35.5,-118.,78.5));
#1817 = ORIENTED_EDGE('',*,*,#776,.T.);
#1818 = ORIENTED_EDGE('',*,*,#1819,.T.);
#1819 = EDGE_CURVE('',#769,#1784,#1820,.T.);
#1820 = CIRCLE('',#1821,3.);
#1821 = AXIS2_PLACEMENT_3D('',#1822,#1823,#1824);
#1822 = CARTESIAN_POINT('',(167.5,-118.,81.5));
#1823 = DIRECTION('',(1.,0.,0.));
#1824 = DIRECTION('',(0.,-1.,0.));
#1825 = CYLINDRICAL_SURFACE('',#1826,3.);
#1826 = AXIS2_PLACEMENT_3D('',#1827,#1828,#1829);
#1827 = CARTESIAN_POINT('',(30.5,-118.,81.5));
#1828 = DIRECTION('',(1.,0.,0.));
#1829 = DIRECTION('',(0.,2.22044604925E-16,-1.));
#1830 = ADVANCED_FACE('',(#1831),#1878,.T.);
#1831 = FACE_BOUND('',#1832,.F.);
#1832 = EDGE_LOOP('',(#1833,#1843,#1850,#1851));
#1833 = ORIENTED_EDGE('',*,*,#1834,.F.);
#1834 = EDGE_CURVE('',#1835,#1837,#1839,.T.);
#1835 = VERTEX_POINT('',#1836);
#1836 = CARTESIAN_POINT('',(5.5,-118.,175.5));
#1837 = VERTEX_POINT('',#1838);
#1838 = CARTESIAN_POINT('',(5.5,-118.,108.5));
#1839 = LINE('',#1840,#1841);
#1840 = CARTESIAN_POINT('',(5.5,-118.,178.5));
#1841 = VECTOR('',#1842,1.);
#1842 = DIRECTION('',(0.,-2.22044604925E-16,-1.));
#1843 = ORIENTED_EDGE('',*,*,#1844,.F.);
#1844 = EDGE_CURVE('',#737,#1835,#1845,.T.);
#1845 = CIRCLE('',#1846,3.);
#1846 = AXIS2_PLACEMENT_3D('',#1847,#1848,#1849);
#1847 = CARTESIAN_POINT('',(8.5,-118.,175.5));
#1848 = DIRECTION('',(0.,2.22044604925E-16,-1.));
#1849 = DIRECTION('',(0.,-1.,-2.22044604925E-16));
#1850 = ORIENTED_EDGE('',*,*,#736,.T.);
#1851 = ORIENTED_EDGE('',*,*,#1852,.T.);
#1852 = EDGE_CURVE('',#729,#1837,#1853,.T.);
#1853 = ( BOUNDED_CURVE() B_SPLINE_CURVE(12,(#1854,#1855,#1856,#1857,
    #1858,#1859,#1860,#1861,#1862,#1863,#1864,#1865,#1866,#1867,#1868,
    #1869,#1870,#1871,#1872,#1873,#1874,#1875,#1876,#1877),
.UNSPECIFIED.,.F.,.F.) B_SPLINE_CURVE_WITH_KNOTS((13,11,13),(
    2.96829799116E-08,2.865148356619,5.730296683556),.UNSPECIFIED.) 
CURVE() GEOMETRIC_REPRESENTATION_ITEM() RATIONAL_B_SPLINE_CURVE((1.,1.,
    1.,1.000000000001,0.999999999999,1.000000000002,0.999999999998,
    1.000000000002,0.999999999999,1.,1.,1.,1.,1.,1.000000000001,
    0.999999999998,1.000000000002,0.999999999998,1.000000000001,
0.999999999999,1.,1.,1.,1.)) REPRESENTATION_ITEM('') );
#1854 = CARTESIAN_POINT('',(8.49999997559,-121.,100.50000002441));
#1855 = CARTESIAN_POINT('',(8.392900727974,-120.9999999995,
    100.78559805873));
#1856 = CARTESIAN_POINT('',(8.285783856341,-120.9957986284,
    101.07120826272));
#1857 = CARTESIAN_POINT('',(8.178746726478,-120.9874732582,
    101.35696830831));
#1858 = CARTESIAN_POINT('',(8.07182496971,-120.9749826679,
    101.64306770101));
#1859 = CARTESIAN_POINT('',(7.965024989575,-120.9582504903,
    101.92977017222));
#1860 = CARTESIAN_POINT('',(7.858330529332,-120.9372049343,
    102.21747142065));
#1861 = CARTESIAN_POINT('',(7.751683311578,-120.9117747841,
    102.50679221401));
#1862 = CARTESIAN_POINT('',(7.644937749704,-120.8818416743,
    102.79870685086));
#1863 = CARTESIAN_POINT('',(7.537789731514,-120.8471486418,
    103.09470698276));
#1864 = CARTESIAN_POINT('',(7.429679474685,-120.8071649537,
    103.39700079666));
#1865 = CARTESIAN_POINT('',(7.319668454338,-120.7609072119,
    103.7087475574));
#1866 = CARTESIAN_POINT('',(7.092912350713,-120.6525262558,
    104.35990746381));
#1867 = CARTESIAN_POINT('',(6.975889529037,-120.5903708261,
    104.6995664966));
#1868 = CARTESIAN_POINT('',(6.8561436159,-120.5181280893,105.05508593812
    ));
#1869 = CARTESIAN_POINT('',(6.719972448769,-120.4351233795,
    105.44494694631));
#1870 = CARTESIAN_POINT('',(6.598607396605,-120.3276815333,
    105.83291410458));
#1871 = CARTESIAN_POINT('',(6.416949414084,-120.2179676566,
    106.32793480681));
#1872 = CARTESIAN_POINT('',(6.27145438763,-120.026023309,106.7556076366)
  );
#1873 = CARTESIAN_POINT('',(6.062286441901,-119.8552324408,
    107.35515263696));
#1874 = CARTESIAN_POINT('',(5.796888147918,-119.5073561829,
    107.8965616197));
#1875 = CARTESIAN_POINT('',(5.600020346609,-119.0474160878,
    108.29908831709));
#1876 = CARTESIAN_POINT('',(5.5,-118.5235963759,108.5));
#1877 = CARTESIAN_POINT('',(5.5,-118.,108.5));
#1878 = CYLINDRICAL_SURFACE('',#1879,3.);
#1879 = AXIS2_PLACEMENT_3D('',#1880,#1881,#1882);
#1880 = CARTESIAN_POINT('',(8.5,-118.,178.5));
#1881 = DIRECTION('',(0.,-2.22044604925E-16,-1.));
#1882 = DIRECTION('',(-1.,0.,0.));
#1883 = ADVANCED_FACE('',(#1884),#1911,.T.);
#1884 = FACE_BOUND('',#1885,.T.);
#1885 = EDGE_LOOP('',(#1886,#1895,#1903,#1910));
#1886 = ORIENTED_EDGE('',*,*,#1887,.F.);
#1887 = EDGE_CURVE('',#1888,#769,#1890,.T.);
#1888 = VERTEX_POINT('',#1889);
#1889 = CARTESIAN_POINT('',(170.5,-118.,81.5));
#1890 = CIRCLE('',#1891,3.);
#1891 = AXIS2_PLACEMENT_3D('',#1892,#1893,#1894);
#1892 = CARTESIAN_POINT('',(167.5,-118.,81.5));
#1893 = DIRECTION('',(0.,0.,-1.));
#1894 = DIRECTION('',(0.,-1.,0.));
#1895 = ORIENTED_EDGE('',*,*,#1896,.T.);
#1896 = EDGE_CURVE('',#1888,#1897,#1899,.T.);
#1897 = VERTEX_POINT('',#1898);
#1898 = CARTESIAN_POINT('',(170.5,-118.,100.5));
#1899 = LINE('',#1900,#1901);
#1900 = CARTESIAN_POINT('',(170.5,-118.,78.5));
#1901 = VECTOR('',#1902,1.);
#1902 = DIRECTION('',(0.,2.22044604925E-16,1.));
#1903 = ORIENTED_EDGE('',*,*,#1904,.F.);
#1904 = EDGE_CURVE('',#761,#1897,#1905,.T.);
#1905 = CIRCLE('',#1906,3.);
#1906 = AXIS2_PLACEMENT_3D('',#1907,#1908,#1909);
#1907 = CARTESIAN_POINT('',(167.5,-118.,100.5));
#1908 = DIRECTION('',(0.,-2.22044604925E-16,1.));
#1909 = DIRECTION('',(0.,-1.,-2.22044604925E-16));
#1910 = ORIENTED_EDGE('',*,*,#768,.F.);
#1911 = CYLINDRICAL_SURFACE('',#1912,3.);
#1912 = AXIS2_PLACEMENT_3D('',#1913,#1914,#1915);
#1913 = CARTESIAN_POINT('',(167.5,-118.,78.5));
#1914 = DIRECTION('',(0.,2.22044604925E-16,1.));
#1915 = DIRECTION('',(0.,-1.,2.22044604925E-16));
#1916 = ADVANCED_FACE('',(#1917),#1944,.T.);
#1917 = FACE_BOUND('',#1918,.T.);
#1918 = EDGE_LOOP('',(#1919,#1920,#1929,#1937));
#1919 = ORIENTED_EDGE('',*,*,#744,.F.);
#1920 = ORIENTED_EDGE('',*,*,#1921,.T.);
#1921 = EDGE_CURVE('',#745,#1922,#1924,.T.);
#1922 = VERTEX_POINT('',#1923);
#1923 = CARTESIAN_POINT('',(27.5,-118.,178.5));
#1924 = CIRCLE('',#1925,3.);
#1925 = AXIS2_PLACEMENT_3D('',#1926,#1927,#1928);
#1926 = CARTESIAN_POINT('',(27.5,-118.,175.5));
#1927 = DIRECTION('',(-1.,0.,0.));
#1928 = DIRECTION('',(0.,-1.,0.));
#1929 = ORIENTED_EDGE('',*,*,#1930,.T.);
#1930 = EDGE_CURVE('',#1922,#1931,#1933,.T.);
#1931 = VERTEX_POINT('',#1932);
#1932 = CARTESIAN_POINT('',(8.5,-118.,178.5));
#1933 = LINE('',#1934,#1935);
#1934 = CARTESIAN_POINT('',(30.5,-118.,178.5));
#1935 = VECTOR('',#1936,1.);
#1936 = DIRECTION('',(-1.,0.,0.));
#1937 = ORIENTED_EDGE('',*,*,#1938,.T.);
#1938 = EDGE_CURVE('',#1931,#737,#1939,.T.);
#1939 = CIRCLE('',#1940,3.);
#1940 = AXIS2_PLACEMENT_3D('',#1941,#1942,#1943);
#1941 = CARTESIAN_POINT('',(8.5,-118.,175.5));
#1942 = DIRECTION('',(1.,0.,0.));
#1943 = DIRECTION('',(0.,-1.,-2.22044604925E-16));
#1944 = CYLINDRICAL_SURFACE('',#1945,3.);
#1945 = AXIS2_PLACEMENT_3D('',#1946,#1947,#1948);
#1946 = CARTESIAN_POINT('',(30.5,-118.,175.5));
#1947 = DIRECTION('',(-1.,0.,0.));
#1948 = DIRECTION('',(0.,-1.,2.22044604925E-16));
#1949 = ADVANCED_FACE('',(#1950),#1997,.T.);
#1950 = FACE_BOUND('',#1951,.F.);
#1951 = EDGE_LOOP('',(#1952,#1962,#1969,#1970));
#1952 = ORIENTED_EDGE('',*,*,#1953,.F.);
#1953 = EDGE_CURVE('',#1954,#1956,#1958,.T.);
#1954 = VERTEX_POINT('',#1955);
#1955 = CARTESIAN_POINT('',(167.5,-118.,103.5));
#1956 = VERTEX_POINT('',#1957);
#1957 = CARTESIAN_POINT('',(35.5,-118.,103.5));
#1958 = LINE('',#1959,#1960);
#1959 = CARTESIAN_POINT('',(170.5,-118.,103.5));
#1960 = VECTOR('',#1961,1.);
#1961 = DIRECTION('',(-1.,0.,0.));
#1962 = ORIENTED_EDGE('',*,*,#1963,.T.);
#1963 = EDGE_CURVE('',#1954,#761,#1964,.T.);
#1964 = CIRCLE('',#1965,3.);
#1965 = AXIS2_PLACEMENT_3D('',#1966,#1967,#1968);
#1966 = CARTESIAN_POINT('',(167.5,-118.,100.5));
#1967 = DIRECTION('',(1.,0.,0.));
#1968 = DIRECTION('',(0.,-1.,-2.22044604925E-16));
#1969 = ORIENTED_EDGE('',*,*,#760,.T.);
#1970 = ORIENTED_EDGE('',*,*,#1971,.T.);
#1971 = EDGE_CURVE('',#753,#1956,#1972,.T.);
#1972 = ( BOUNDED_CURVE() B_SPLINE_CURVE(12,(#1973,#1974,#1975,#1976,
    #1977,#1978,#1979,#1980,#1981,#1982,#1983,#1984,#1985,#1986,#1987,
    #1988,#1989,#1990,#1991,#1992,#1993,#1994,#1995,#1996),
.UNSPECIFIED.,.F.,.F.) B_SPLINE_CURVE_WITH_KNOTS((13,11,13),(
    5.602600224524E-10,2.865148342058,5.730296683556),.UNSPECIFIED.) 
CURVE() GEOMETRIC_REPRESENTATION_ITEM() RATIONAL_B_SPLINE_CURVE((1.,1.,
    1.,1.000000000001,0.999999999998,1.000000000003,0.999999999996,
    1.000000000003,0.999999999998,1.000000000001,1.,1.,1.,1.,
    1.000000000001,0.999999999997,1.000000000004,0.999999999996,
    1.000000000004,0.999999999998,1.000000000001,1.,1.,1.)) 
REPRESENTATION_ITEM('') );
#1973 = CARTESIAN_POINT('',(27.500000000717,-121.,100.5));
#1974 = CARTESIAN_POINT('',(27.785598025168,-120.9999999999,
    100.60709925969));
#1975 = CARTESIAN_POINT('',(28.0712082308,-120.9957986293,
    100.71421613166));
#1976 = CARTESIAN_POINT('',(28.356968277923,-120.9874732595,
    100.82125326197));
#1977 = CARTESIAN_POINT('',(28.643067671985,-120.9749826696,
    100.92817501932));
#1978 = CARTESIAN_POINT('',(28.929770144471,-120.9582504922,
    101.03497500012));
#1979 = CARTESIAN_POINT('',(29.217471394151,-120.9372049365,
    101.14166946099));
#1980 = CARTESIAN_POINT('',(29.506792188795,-120.9117747865,
    101.24831667929));
#1981 = CARTESIAN_POINT('',(29.798706826931,-120.8818416769,
    101.35506224162));
#1982 = CARTESIAN_POINT('',(30.094706960065,-120.8471486446,
    101.46221026023));
#1983 = CARTESIAN_POINT('',(30.397000775028,-120.8071649566,
    101.57032051751));
#1984 = CARTESIAN_POINT('',(30.708747536663,-120.760907215,
    101.68033153836));
#1985 = CARTESIAN_POINT('',(31.35990744484,-120.6525262592,
    101.90708764275));
#1986 = CARTESIAN_POINT('',(31.699566478449,-120.5903708297,
    102.02411046478));
#1987 = CARTESIAN_POINT('',(32.055085920577,-120.5181280931,
    102.14385637817));
#1988 = CARTESIAN_POINT('',(32.444946929971,-120.4351233839,
    102.28002754567));
#1989 = CARTESIAN_POINT('',(32.832914087768,-120.3276815372,
    102.40139259781));
#1990 = CARTESIAN_POINT('',(33.327934792982,-120.2179676624,
    102.58305058059));
#1991 = CARTESIAN_POINT('',(33.755607621932,-120.0260233134,
    102.72854560768));
#1992 = CARTESIAN_POINT('',(34.355152625688,-119.8552324479,
    102.93771355239));
#1993 = CARTESIAN_POINT('',(34.896561613655,-119.5073561899,
    103.20311184917));
#1994 = CARTESIAN_POINT('',(35.299088315038,-119.0474160931,
    103.39997965236));
#1995 = CARTESIAN_POINT('',(35.5,-118.5235963785,103.5));
#1996 = CARTESIAN_POINT('',(35.5,-118.,103.5));
#1997 = CYLINDRICAL_SURFACE('',#1998,3.);
#1998 = AXIS2_PLACEMENT_3D('',#1999,#2000,#2001);
#1999 = CARTESIAN_POINT('',(170.5,-118.,100.5));
#2000 = DIRECTION('',(-1.,0.,0.));
#2001 = DIRECTION('',(0.,-2.22044604925E-16,1.));
#2002 = ADVANCED_FACE('',(#2003),#2050,.T.);
#2003 = FACE_BOUND('',#2004,.F.);
#2004 = EDGE_LOOP('',(#2005,#2015,#2042,#2043));
#2005 = ORIENTED_EDGE('',*,*,#2006,.F.);
#2006 = EDGE_CURVE('',#2007,#2009,#2011,.T.);
#2007 = VERTEX_POINT('',#2008);
#2008 = CARTESIAN_POINT('',(30.5,-118.,108.5));
#2009 = VERTEX_POINT('',#2010);
#2010 = CARTESIAN_POINT('',(30.5,-118.,175.5));
#2011 = LINE('',#2012,#2013);
#2012 = CARTESIAN_POINT('',(30.5,-118.,103.5));
#2013 = VECTOR('',#2014,1.);
#2014 = DIRECTION('',(0.,2.22044604925E-16,1.));
#2015 = ORIENTED_EDGE('',*,*,#2016,.F.);
#2016 = EDGE_CURVE('',#753,#2007,#2017,.T.);
#2017 = ( BOUNDED_CURVE() B_SPLINE_CURVE(12,(#2018,#2019,#2020,#2021,
    #2022,#2023,#2024,#2025,#2026,#2027,#2028,#2029,#2030,#2031,#2032,
    #2033,#2034,#2035,#2036,#2037,#2038,#2039,#2040,#2041),
.UNSPECIFIED.,.F.,.F.) B_SPLINE_CURVE_WITH_KNOTS((13,11,13),(
    5.602600224524E-10,2.865148342058,5.730296683556),.UNSPECIFIED.) 
CURVE() GEOMETRIC_REPRESENTATION_ITEM() RATIONAL_B_SPLINE_CURVE((1.,1.,
    1.,1.000000000001,0.999999999998,1.000000000003,0.999999999996,
    1.000000000003,0.999999999998,1.000000000001,1.,1.,1.,1.,
    1.000000000001,0.999999999997,1.000000000004,0.999999999996,
    1.000000000004,0.999999999998,1.000000000001,1.,1.,1.)) 
REPRESENTATION_ITEM('') );
#2018 = CARTESIAN_POINT('',(27.5,-121.,100.50000000112));
#2019 = CARTESIAN_POINT('',(27.607099259323,-120.9999999999,
    100.78559802553));
#2020 = CARTESIAN_POINT('',(27.714216131713,-120.9957986293,
    101.07120823075));
#2021 = CARTESIAN_POINT('',(27.821253262246,-120.9874732595,
    101.35696827764));
#2022 = CARTESIAN_POINT('',(27.928175019534,-120.9749826696,
    101.64306767177));
#2023 = CARTESIAN_POINT('',(28.034975000124,-120.9582504922,
    101.92977014446));
#2024 = CARTESIAN_POINT('',(28.141669460824,-120.9372049365,
    102.21747139432));
#2025 = CARTESIAN_POINT('',(28.248316679114,-120.9117747865,
    102.50679218897));
#2026 = CARTESIAN_POINT('',(28.355062241573,-120.8818416769,
    102.79870682698));
#2027 = CARTESIAN_POINT('',(28.462210260341,-120.8471486446,
    103.09470695995));
#2028 = CARTESIAN_POINT('',(28.570320517651,-120.8071649566,
    103.39700077489));
#2029 = CARTESIAN_POINT('',(28.68033153836,-120.760907215,
    103.70874753666));
#2030 = CARTESIAN_POINT('',(28.907087642759,-120.6525262592,
    104.35990744484));
#2031 = CARTESIAN_POINT('',(29.024110464784,-120.5903708297,
    104.69956647844));
#2032 = CARTESIAN_POINT('',(29.143856378173,-120.5181280931,
    105.05508592057));
#2033 = CARTESIAN_POINT('',(29.280027545676,-120.4351233839,
    105.44494692997));
#2034 = CARTESIAN_POINT('',(29.401392597811,-120.3276815372,
    105.83291408776));
#2035 = CARTESIAN_POINT('',(29.583050580596,-120.2179676624,
    106.32793479298));
#2036 = CARTESIAN_POINT('',(29.728545607685,-120.0260233134,
    106.75560762192));
#2037 = CARTESIAN_POINT('',(29.937713552394,-119.8552324479,
    107.35515262569));
#2038 = CARTESIAN_POINT('',(30.203111849178,-119.5073561899,
    107.89656161365));
#2039 = CARTESIAN_POINT('',(30.39997965236,-119.0474160931,
    108.29908831503));
#2040 = CARTESIAN_POINT('',(30.5,-118.5235963785,108.5));
#2041 = CARTESIAN_POINT('',(30.5,-118.,108.5));
#2042 = ORIENTED_EDGE('',*,*,#752,.T.);
#2043 = ORIENTED_EDGE('',*,*,#2044,.F.);
#2044 = EDGE_CURVE('',#2009,#745,#2045,.T.);
#2045 = CIRCLE('',#2046,3.);
#2046 = AXIS2_PLACEMENT_3D('',#2047,#2048,#2049);
#2047 = CARTESIAN_POINT('',(27.5,-118.,175.5));
#2048 = DIRECTION('',(0.,0.,-1.));
#2049 = DIRECTION('',(0.,-1.,0.));
#2050 = CYLINDRICAL_SURFACE('',#2051,3.);
#2051 = AXIS2_PLACEMENT_3D('',#2052,#2053,#2054);
#2052 = CARTESIAN_POINT('',(27.5,-118.,103.5));
#2053 = DIRECTION('',(0.,2.22044604925E-16,1.));
#2054 = DIRECTION('',(1.,0.,0.));
#2055 = ADVANCED_FACE('',(#2056),#2083,.T.);
#2056 = FACE_BOUND('',#2057,.T.);
#2057 = EDGE_LOOP('',(#2058,#2067,#2075,#2082));
#2058 = ORIENTED_EDGE('',*,*,#2059,.T.);
#2059 = EDGE_CURVE('',#801,#2060,#2062,.T.);
#2060 = VERTEX_POINT('',#2061);
#2061 = CARTESIAN_POINT('',(12.9,-118.,83.3));
#2062 = ELLIPSE('',#2063,4.242640687119,3.);
#2063 = AXIS2_PLACEMENT_3D('',#2064,#2065,#2066);
#2064 = CARTESIAN_POINT('',(9.9,-118.,80.3));
#2065 = DIRECTION('',(-0.707106781187,1.570092458684E-16,0.707106781187)
  );
#2066 = DIRECTION('',(0.707106781187,1.570092458684E-16,0.707106781187)
  );
#2067 = ORIENTED_EDGE('',*,*,#2068,.T.);
#2068 = EDGE_CURVE('',#2060,#2069,#2071,.T.);
#2069 = VERTEX_POINT('',#2070);
#2070 = CARTESIAN_POINT('',(12.9,-118.,101.3));
#2071 = LINE('',#2072,#2073);
#2072 = CARTESIAN_POINT('',(12.9,-118.,83.3));
#2073 = VECTOR('',#2074,1.);
#2074 = DIRECTION('',(0.,2.22044604925E-16,1.));
#2075 = ORIENTED_EDGE('',*,*,#2076,.F.);
#2076 = EDGE_CURVE('',#803,#2069,#2077,.T.);
#2077 = ELLIPSE('',#2078,4.242640687119,3.);
#2078 = AXIS2_PLACEMENT_3D('',#2079,#2080,#2081);
#2079 = CARTESIAN_POINT('',(9.9,-118.,104.3));
#2080 = DIRECTION('',(0.707106781187,1.570092458684E-16,0.707106781187)
  );
#2081 = DIRECTION('',(-0.707106781187,1.570092458684E-16,0.707106781187)
  );
#2082 = ORIENTED_EDGE('',*,*,#800,.F.);
#2083 = CYLINDRICAL_SURFACE('',#2084,3.);
#2084 = AXIS2_PLACEMENT_3D('',#2085,#2086,#2087);
#2085 = CARTESIAN_POINT('',(9.9,-118.,83.3));
#2086 = DIRECTION('',(0.,2.22044604925E-16,1.));
#2087 = DIRECTION('',(0.,-1.,2.22044604925E-16));
#2088 = ADVANCED_FACE('',(#2089),#2108,.T.);
#2089 = FACE_BOUND('',#2090,.T.);
#2090 = EDGE_LOOP('',(#2091,#2100,#2106,#2107));
#2091 = ORIENTED_EDGE('',*,*,#2092,.T.);
#2092 = EDGE_CURVE('',#811,#2093,#2095,.T.);
#2093 = VERTEX_POINT('',#2094);
#2094 = CARTESIAN_POINT('',(23.1,-118.,83.3));
#2095 = ELLIPSE('',#2096,4.242640687119,3.);
#2096 = AXIS2_PLACEMENT_3D('',#2097,#2098,#2099);
#2097 = CARTESIAN_POINT('',(26.1,-118.,80.3));
#2098 = DIRECTION('',(-0.707106781187,-1.570092458684E-16,
    -0.707106781187));
#2099 = DIRECTION('',(0.707106781187,-1.570092458684E-16,-0.707106781187
    ));
#2100 = ORIENTED_EDGE('',*,*,#2101,.T.);
#2101 = EDGE_CURVE('',#2093,#2060,#2102,.T.);
#2102 = LINE('',#2103,#2104);
#2103 = CARTESIAN_POINT('',(23.1,-118.,83.3));
#2104 = VECTOR('',#2105,1.);
#2105 = DIRECTION('',(-1.,0.,0.));
#2106 = ORIENTED_EDGE('',*,*,#2059,.F.);
#2107 = ORIENTED_EDGE('',*,*,#810,.F.);
#2108 = CYLINDRICAL_SURFACE('',#2109,3.);
#2109 = AXIS2_PLACEMENT_3D('',#2110,#2111,#2112);
#2110 = CARTESIAN_POINT('',(23.1,-118.,80.3));
#2111 = DIRECTION('',(-1.,0.,0.));
#2112 = DIRECTION('',(0.,-1.,2.22044604925E-16));
#2113 = ADVANCED_FACE('',(#2114),#2133,.T.);
#2114 = FACE_BOUND('',#2115,.T.);
#2115 = EDGE_LOOP('',(#2116,#2117,#2125,#2132));
#2116 = ORIENTED_EDGE('',*,*,#2076,.T.);
#2117 = ORIENTED_EDGE('',*,*,#2118,.T.);
#2118 = EDGE_CURVE('',#2069,#2119,#2121,.T.);
#2119 = VERTEX_POINT('',#2120);
#2120 = CARTESIAN_POINT('',(23.1,-118.,101.3));
#2121 = LINE('',#2122,#2123);
#2122 = CARTESIAN_POINT('',(12.9,-118.,101.3));
#2123 = VECTOR('',#2124,1.);
#2124 = DIRECTION('',(1.,0.,0.));
#2125 = ORIENTED_EDGE('',*,*,#2126,.F.);
#2126 = EDGE_CURVE('',#819,#2119,#2127,.T.);
#2127 = ELLIPSE('',#2128,4.242640687119,3.);
#2128 = AXIS2_PLACEMENT_3D('',#2129,#2130,#2131);
#2129 = CARTESIAN_POINT('',(26.1,-118.,104.3));
#2130 = DIRECTION('',(0.707106781187,-1.570092458684E-16,-0.707106781187
    ));
#2131 = DIRECTION('',(0.707106781187,1.570092458684E-16,0.707106781187)
  );
#2132 = ORIENTED_EDGE('',*,*,#826,.F.);
#2133 = CYLINDRICAL_SURFACE('',#2134,3.);
#2134 = AXIS2_PLACEMENT_3D('',#2135,#2136,#2137);
#2135 = CARTESIAN_POINT('',(12.9,-118.,104.3));
#2136 = DIRECTION('',(1.,0.,0.));
#2137 = DIRECTION('',(0.,-1.,2.22044604925E-16));
#2138 = ADVANCED_FACE('',(#2139),#2150,.T.);
#2139 = FACE_BOUND('',#2140,.T.);
#2140 = EDGE_LOOP('',(#2141,#2142,#2148,#2149));
#2141 = ORIENTED_EDGE('',*,*,#2126,.T.);
#2142 = ORIENTED_EDGE('',*,*,#2143,.T.);
#2143 = EDGE_CURVE('',#2119,#2093,#2144,.T.);
#2144 = LINE('',#2145,#2146);
#2145 = CARTESIAN_POINT('',(23.1,-118.,101.3));
#2146 = VECTOR('',#2147,1.);
#2147 = DIRECTION('',(0.,-2.22044604925E-16,-1.));
#2148 = ORIENTED_EDGE('',*,*,#2092,.F.);
#2149 = ORIENTED_EDGE('',*,*,#818,.F.);
#2150 = CYLINDRICAL_SURFACE('',#2151,3.);
#2151 = AXIS2_PLACEMENT_3D('',#2152,#2153,#2154);
#2152 = CARTESIAN_POINT('',(26.1,-118.,101.3));
#2153 = DIRECTION('',(0.,-2.22044604925E-16,-1.));
#2154 = DIRECTION('',(0.,-1.,2.22044604925E-16));
#2155 = ADVANCED_FACE('',(#2156),#2162,.T.);
#2156 = FACE_BOUND('',#2157,.T.);
#2157 = EDGE_LOOP('',(#2158,#2159,#2160,#2161));
#2158 = ORIENTED_EDGE('',*,*,#964,.F.);
#2159 = ORIENTED_EDGE('',*,*,#850,.T.);
#2160 = ORIENTED_EDGE('',*,*,#1205,.T.);
#2161 = ORIENTED_EDGE('',*,*,#939,.F.);
#2162 = TOROIDAL_SURFACE('',#2163,16.5,1.5);
#2163 = AXIS2_PLACEMENT_3D('',#2164,#2165,#2166);
#2164 = CARTESIAN_POINT('',(29.,-86.,-21.5));
#2165 = DIRECTION('',(-1.,-0.,-0.));
#2166 = DIRECTION('',(0.,0.,-1.));
#2167 = ADVANCED_FACE('',(#2168),#2184,.F.);
#2168 = FACE_BOUND('',#2169,.F.);
#2169 = EDGE_LOOP('',(#2170,#2171,#2177,#2183));
#2170 = ORIENTED_EDGE('',*,*,#906,.F.);
#2171 = ORIENTED_EDGE('',*,*,#2172,.T.);
#2172 = EDGE_CURVE('',#907,#1782,#2173,.T.);
#2173 = ( BOUNDED_CURVE() B_SPLINE_CURVE(2,(#2174,#2175,#2176),
.UNSPECIFIED.,.F.,.F.) B_SPLINE_CURVE_WITH_KNOTS((3,3),(0.,
5.730296681181),.PIECEWISE_BEZIER_KNOTS.) CURVE() 
GEOMETRIC_REPRESENTATION_ITEM() RATIONAL_B_SPLINE_CURVE((1.,
0.707106781187,1.)) REPRESENTATION_ITEM('') );
#2174 = CARTESIAN_POINT('',(30.5,-118.,73.5));
#2175 = CARTESIAN_POINT('',(30.5,-118.,78.5));
#2176 = CARTESIAN_POINT('',(35.5,-118.,78.5));
#2177 = ORIENTED_EDGE('',*,*,#2178,.T.);
#2178 = EDGE_CURVE('',#1782,#1232,#2179,.T.);
#2179 = LINE('',#2180,#2181);
#2180 = CARTESIAN_POINT('',(35.5,-118.,78.5));
#2181 = VECTOR('',#2182,1.);
#2182 = DIRECTION('',(0.,1.,-2.22044604925E-16));
#2183 = ORIENTED_EDGE('',*,*,#1240,.F.);
#2184 = CYLINDRICAL_SURFACE('',#2185,5.);
#2185 = AXIS2_PLACEMENT_3D('',#2186,#2187,#2188);
#2186 = CARTESIAN_POINT('',(35.5,-118.,73.5));
#2187 = DIRECTION('',(0.,1.,-2.22044604925E-16));
#2188 = DIRECTION('',(-1.,0.,0.));
#2189 = ADVANCED_FACE('',(#2190),#2195,.T.);
#2190 = FACE_BOUND('',#2191,.F.);
#2191 = EDGE_LOOP('',(#2192,#2193,#2194));
#2192 = ORIENTED_EDGE('',*,*,#1685,.F.);
#2193 = ORIENTED_EDGE('',*,*,#980,.T.);
#2194 = ORIENTED_EDGE('',*,*,#1637,.F.);
#2195 = SPHERICAL_SURFACE('',#2196,3.);
#2196 = AXIS2_PLACEMENT_3D('',#2197,#2198,#2199);
#2197 = CARTESIAN_POINT('',(27.5,-118.,-58.5));
#2198 = DIRECTION('',(-1.,-0.,-0.));
#2199 = DIRECTION('',(0.,-1.,0.));
#2200 = ADVANCED_FACE('',(#2201,#2212),#2215,.T.);
#2201 = FACE_BOUND('',#2202,.T.);
#2202 = EDGE_LOOP('',(#2203));
#2203 = ORIENTED_EDGE('',*,*,#2204,.T.);
#2204 = EDGE_CURVE('',#2205,#2205,#2207,.T.);
#2205 = VERTEX_POINT('',#2206);
#2206 = CARTESIAN_POINT('',(25.149984359741,-25.3,-48.19997787475));
#2207 = CIRCLE('',#2208,7.25);
#2208 = AXIS2_PLACEMENT_3D('',#2209,#2210,#2211);
#2209 = CARTESIAN_POINT('',(17.899984359741,-25.3,-48.19997787475));
#2210 = DIRECTION('',(0.,-1.,-2.2E-16));
#2211 = DIRECTION('',(1.,0.,0.));
#2212 = FACE_BOUND('',#2213,.T.);
#2213 = EDGE_LOOP('',(#2214));
#2214 = ORIENTED_EDGE('',*,*,#1007,.F.);
#2215 = PLANE('',#2216);
#2216 = AXIS2_PLACEMENT_3D('',#2217,#2218,#2219);
#2217 = CARTESIAN_POINT('',(17.899984359741,-25.3,-48.19997787475));
#2218 = DIRECTION('',(0.,-1.,2.2E-16));
#2219 = DIRECTION('',(1.,0.,0.));
#2220 = ADVANCED_FACE('',(#2221),#2226,.T.);
#2221 = FACE_BOUND('',#2222,.T.);
#2222 = EDGE_LOOP('',(#2223,#2224,#2225));
#2223 = ORIENTED_EDGE('',*,*,#1669,.F.);
#2224 = ORIENTED_EDGE('',*,*,#1085,.T.);
#2225 = ORIENTED_EDGE('',*,*,#1042,.F.);
#2226 = SPHERICAL_SURFACE('',#2227,3.);
#2227 = AXIS2_PLACEMENT_3D('',#2228,#2229,#2230);
#2228 = CARTESIAN_POINT('',(-66.5,-118.,81.5));
#2229 = DIRECTION('',(1.,0.,0.));
#2230 = DIRECTION('',(0.,-1.,0.));
#2231 = ADVANCED_FACE('',(#2232),#2243,.T.);
#2232 = FACE_BOUND('',#2233,.T.);
#2233 = EDGE_LOOP('',(#2234,#2235,#2236,#2237));
#2234 = ORIENTED_EDGE('',*,*,#1171,.F.);
#2235 = ORIENTED_EDGE('',*,*,#1094,.F.);
#2236 = ORIENTED_EDGE('',*,*,#1663,.F.);
#2237 = ORIENTED_EDGE('',*,*,#2238,.T.);
#2238 = EDGE_CURVE('',#1655,#1172,#2239,.T.);
#2239 = LINE('',#2240,#2241);
#2240 = CARTESIAN_POINT('',(-69.5,-121.,100.5));
#2241 = VECTOR('',#2242,1.);
#2242 = DIRECTION('',(0.,1.,-2.22044604925E-16));
#2243 = PLANE('',#2244);
#2244 = AXIS2_PLACEMENT_3D('',#2245,#2246,#2247);
#2245 = CARTESIAN_POINT('',(-69.5,-72.,91.));
#2246 = DIRECTION('',(-1.,0.,0.));
#2247 = DIRECTION('',(0.,1.,2.22044604925E-16));
#2248 = ADVANCED_FACE('',(#2249),#2260,.F.);
#2249 = FACE_BOUND('',#2250,.F.);
#2250 = EDGE_LOOP('',(#2251,#2252,#2258,#2259));
#2251 = ORIENTED_EDGE('',*,*,#1290,.F.);
#2252 = ORIENTED_EDGE('',*,*,#2253,.F.);
#2253 = EDGE_CURVE('',#1154,#1282,#2254,.T.);
#2254 = LINE('',#2255,#2256);
#2255 = CARTESIAN_POINT('',(-44.5,-23.,102.));
#2256 = VECTOR('',#2257,1.);
#2257 = DIRECTION('',(-0.,-1.,-2.22044604925E-16));
#2258 = ORIENTED_EDGE('',*,*,#1162,.T.);
#2259 = ORIENTED_EDGE('',*,*,#1129,.T.);
#2260 = PLANE('',#2261);
#2261 = AXIS2_PLACEMENT_3D('',#2262,#2263,#2264);
#2262 = CARTESIAN_POINT('',(-44.5,-101.,103.5));
#2263 = DIRECTION('',(-1.,0.,0.));
#2264 = DIRECTION('',(0.,2.22044604925E-16,-1.));
#2265 = ADVANCED_FACE('',(#2266),#2298,.T.);
#2266 = FACE_BOUND('',#2267,.T.);
#2267 = EDGE_LOOP('',(#2268,#2274,#2275,#2284,#2290,#2291,#2297));
#2268 = ORIENTED_EDGE('',*,*,#2269,.T.);
#2269 = EDGE_CURVE('',#1729,#1349,#2270,.T.);
#2270 = LINE('',#2271,#2272);
#2271 = CARTESIAN_POINT('',(0.5,-118.,103.5));
#2272 = VECTOR('',#2273,1.);
#2273 = DIRECTION('',(0.,1.,-2.22044604925E-16));
#2274 = ORIENTED_EDGE('',*,*,#1357,.F.);
#2275 = ORIENTED_EDGE('',*,*,#2276,.F.);
#2276 = EDGE_CURVE('',#2277,#1339,#2279,.T.);
#2277 = VERTEX_POINT('',#2278);
#2278 = CARTESIAN_POINT('',(-46.,-86.,103.5));
#2279 = CIRCLE('',#2280,16.5);
#2280 = AXIS2_PLACEMENT_3D('',#2281,#2282,#2283);
#2281 = CARTESIAN_POINT('',(-29.5,-86.,103.5));
#2282 = DIRECTION('',(0.,-2.22044604925E-16,1.));
#2283 = DIRECTION('',(-1.,2.22044604925E-17,4.930380657631E-33));
#2284 = ORIENTED_EDGE('',*,*,#2285,.F.);
#2285 = EDGE_CURVE('',#1146,#2277,#2286,.T.);
#2286 = LINE('',#2287,#2288);
#2287 = CARTESIAN_POINT('',(-46.,-23.,103.5));
#2288 = VECTOR('',#2289,1.);
#2289 = DIRECTION('',(-0.,-1.,-2.22044604925E-16));
#2290 = ORIENTED_EDGE('',*,*,#1143,.F.);
#2291 = ORIENTED_EDGE('',*,*,#2292,.F.);
#2292 = EDGE_CURVE('',#1731,#1144,#2293,.T.);
#2293 = LINE('',#2294,#2295);
#2294 = CARTESIAN_POINT('',(-66.5,-121.,103.5));
#2295 = VECTOR('',#2296,1.);
#2296 = DIRECTION('',(0.,1.,-2.22044604925E-16));
#2297 = ORIENTED_EDGE('',*,*,#1728,.F.);
#2298 = PLANE('',#2299);
#2299 = AXIS2_PLACEMENT_3D('',#2300,#2301,#2302);
#2300 = CARTESIAN_POINT('',(-43.27167630057,-83.27167630057,103.5));
#2301 = DIRECTION('',(0.,-2.22044604925E-16,1.));
#2302 = DIRECTION('',(0.,-1.,-2.22044604925E-16));
#2303 = ADVANCED_FACE('',(#2304),#2316,.T.);
#2304 = FACE_BOUND('',#2305,.F.);
#2305 = EDGE_LOOP('',(#2306,#2307,#2308,#2315));
#2306 = ORIENTED_EDGE('',*,*,#1153,.T.);
#2307 = ORIENTED_EDGE('',*,*,#2253,.T.);
#2308 = ORIENTED_EDGE('',*,*,#2309,.F.);
#2309 = EDGE_CURVE('',#2277,#1282,#2310,.T.);
#2310 = CIRCLE('',#2311,1.5);
#2311 = AXIS2_PLACEMENT_3D('',#2312,#2313,#2314);
#2312 = CARTESIAN_POINT('',(-46.,-86.,102.));
#2313 = DIRECTION('',(-0.,1.,2.22044604925E-16));
#2314 = DIRECTION('',(0.,-2.22044604925E-16,1.));
#2315 = ORIENTED_EDGE('',*,*,#2285,.F.);
#2316 = CYLINDRICAL_SURFACE('',#2317,1.5);
#2317 = AXIS2_PLACEMENT_3D('',#2318,#2319,#2320);
#2318 = CARTESIAN_POINT('',(-46.,-23.,102.));
#2319 = DIRECTION('',(-0.,-1.,-2.22044604925E-16));
#2320 = DIRECTION('',(0.,-2.22044604925E-16,1.));
#2321 = ADVANCED_FACE('',(#2322),#2334,.T.);
#2322 = FACE_BOUND('',#2323,.F.);
#2323 = EDGE_LOOP('',(#2324,#2331,#2332,#2333));
#2324 = ORIENTED_EDGE('',*,*,#2325,.T.);
#2325 = EDGE_CURVE('',#1731,#1655,#2326,.T.);
#2326 = CIRCLE('',#2327,3.);
#2327 = AXIS2_PLACEMENT_3D('',#2328,#2329,#2330);
#2328 = CARTESIAN_POINT('',(-66.5,-118.,100.5));
#2329 = DIRECTION('',(6.123233995737E-17,-1.,-2.22044604925E-16));
#2330 = DIRECTION('',(-1.,-6.123233995737E-17,-1.359631073447E-32));
#2331 = ORIENTED_EDGE('',*,*,#2238,.T.);
#2332 = ORIENTED_EDGE('',*,*,#1179,.F.);
#2333 = ORIENTED_EDGE('',*,*,#2292,.F.);
#2334 = CYLINDRICAL_SURFACE('',#2335,3.);
#2335 = AXIS2_PLACEMENT_3D('',#2336,#2337,#2338);
#2336 = CARTESIAN_POINT('',(-66.5,-121.,100.5));
#2337 = DIRECTION('',(0.,1.,-2.22044604925E-16));
#2338 = DIRECTION('',(0.,2.22044604925E-16,1.));
#2339 = ADVANCED_FACE('',(#2340),#2359,.F.);
#2340 = FACE_BOUND('',#2341,.T.);
#2341 = EDGE_LOOP('',(#2342,#2343,#2351,#2358));
#2342 = ORIENTED_EDGE('',*,*,#1188,.T.);
#2343 = ORIENTED_EDGE('',*,*,#2344,.T.);
#2344 = EDGE_CURVE('',#1189,#2345,#2347,.T.);
#2345 = VERTEX_POINT('',#2346);
#2346 = CARTESIAN_POINT('',(-50.05,-25.3,90.8));
#2347 = LINE('',#2348,#2349);
#2348 = CARTESIAN_POINT('',(-50.05,-22.9,90.8));
#2349 = VECTOR('',#2350,1.);
#2350 = DIRECTION('',(0.,-1.,2.2E-16));
#2351 = ORIENTED_EDGE('',*,*,#2352,.T.);
#2352 = EDGE_CURVE('',#2345,#2345,#2353,.T.);
#2353 = CIRCLE('',#2354,6.75);
#2354 = AXIS2_PLACEMENT_3D('',#2355,#2356,#2357);
#2355 = CARTESIAN_POINT('',(-56.8,-25.3,90.8));
#2356 = DIRECTION('',(0.,-1.,-2.2E-16));
#2357 = DIRECTION('',(1.,0.,0.));
#2358 = ORIENTED_EDGE('',*,*,#2344,.F.);
#2359 = CYLINDRICAL_SURFACE('',#2360,6.75);
#2360 = AXIS2_PLACEMENT_3D('',#2361,#2362,#2363);
#2361 = CARTESIAN_POINT('',(-56.8,-22.9,90.8));
#2362 = DIRECTION('',(0.,1.,-2.2E-16));
#2363 = DIRECTION('',(1.,0.,0.));
#2364 = ADVANCED_FACE('',(#2365),#2401,.T.);
#2365 = FACE_BOUND('',#2366,.T.);
#2366 = EDGE_LOOP('',(#2367,#2368,#2369,#2378,#2386,#2394,#2400));
#2367 = ORIENTED_EDGE('',*,*,#2178,.T.);
#2368 = ORIENTED_EDGE('',*,*,#1256,.T.);
#2369 = ORIENTED_EDGE('',*,*,#2370,.T.);
#2370 = EDGE_CURVE('',#1257,#2371,#2373,.T.);
#2371 = VERTEX_POINT('',#2372);
#2372 = CARTESIAN_POINT('',(147.,-86.,78.5));
#2373 = CIRCLE('',#2374,16.5);
#2374 = AXIS2_PLACEMENT_3D('',#2375,#2376,#2377);
#2375 = CARTESIAN_POINT('',(130.5,-86.,78.5));
#2376 = DIRECTION('',(0.,-2.22044604925E-16,1.));
#2377 = DIRECTION('',(0.,-1.,-2.22044604925E-16));
#2378 = ORIENTED_EDGE('',*,*,#2379,.T.);
#2379 = EDGE_CURVE('',#2371,#2380,#2382,.T.);
#2380 = VERTEX_POINT('',#2381);
#2381 = CARTESIAN_POINT('',(147.,-23.,78.5));
#2382 = LINE('',#2383,#2384);
#2383 = CARTESIAN_POINT('',(147.,-86.,78.5));
#2384 = VECTOR('',#2385,1.);
#2385 = DIRECTION('',(0.,1.,2.22044604925E-16));
#2386 = ORIENTED_EDGE('',*,*,#2387,.F.);
#2387 = EDGE_CURVE('',#2388,#2380,#2390,.T.);
#2388 = VERTEX_POINT('',#2389);
#2389 = CARTESIAN_POINT('',(167.5,-23.,78.5));
#2390 = LINE('',#2391,#2392);
#2391 = CARTESIAN_POINT('',(170.5,-23.,78.5));
#2392 = VECTOR('',#2393,1.);
#2393 = DIRECTION('',(-1.,0.,0.));
#2394 = ORIENTED_EDGE('',*,*,#2395,.F.);
#2395 = EDGE_CURVE('',#1784,#2388,#2396,.T.);
#2396 = LINE('',#2397,#2398);
#2397 = CARTESIAN_POINT('',(167.5,-121.,78.5));
#2398 = VECTOR('',#2399,1.);
#2399 = DIRECTION('',(0.,1.,2.22044604925E-16));
#2400 = ORIENTED_EDGE('',*,*,#1781,.F.);
#2401 = PLANE('',#2402);
#2402 = AXIS2_PLACEMENT_3D('',#2403,#2404,#2405);
#2403 = CARTESIAN_POINT('',(119.34453781512,-90.84453781512,78.5));
#2404 = DIRECTION('',(0.,2.22044604925E-16,-1.));
#2405 = DIRECTION('',(0.,1.,2.22044604925E-16));
#2406 = ADVANCED_FACE('',(#2407),#2419,.T.);
#2407 = FACE_BOUND('',#2408,.T.);
#2408 = EDGE_LOOP('',(#2409,#2410,#2411,#2418));
#2409 = ORIENTED_EDGE('',*,*,#1264,.F.);
#2410 = ORIENTED_EDGE('',*,*,#1306,.T.);
#2411 = ORIENTED_EDGE('',*,*,#2412,.T.);
#2412 = EDGE_CURVE('',#1307,#2371,#2413,.T.);
#2413 = CIRCLE('',#2414,1.5);
#2414 = AXIS2_PLACEMENT_3D('',#2415,#2416,#2417);
#2415 = CARTESIAN_POINT('',(147.,-86.,80.));
#2416 = DIRECTION('',(-6.123233995737E-17,-1.,-2.22044604925E-16));
#2417 = DIRECTION('',(1.,-6.123233995737E-17,-1.359631073447E-32));
#2418 = ORIENTED_EDGE('',*,*,#2370,.F.);
#2419 = TOROIDAL_SURFACE('',#2420,16.5,1.5);
#2420 = AXIS2_PLACEMENT_3D('',#2421,#2422,#2423);
#2421 = CARTESIAN_POINT('',(130.5,-86.,80.));
#2422 = DIRECTION('',(0.,-2.22044604925E-16,1.));
#2423 = DIRECTION('',(0.,-1.,-2.22044604925E-16));
#2424 = ADVANCED_FACE('',(#2425),#2431,.T.);
#2425 = FACE_BOUND('',#2426,.T.);
#2426 = EDGE_LOOP('',(#2427,#2428,#2429,#2430));
#2427 = ORIENTED_EDGE('',*,*,#2309,.F.);
#2428 = ORIENTED_EDGE('',*,*,#2276,.T.);
#2429 = ORIENTED_EDGE('',*,*,#1338,.T.);
#2430 = ORIENTED_EDGE('',*,*,#1281,.F.);
#2431 = TOROIDAL_SURFACE('',#2432,16.5,1.5);
#2432 = AXIS2_PLACEMENT_3D('',#2433,#2434,#2435);
#2433 = CARTESIAN_POINT('',(-29.5,-86.,102.));
#2434 = DIRECTION('',(0.,-2.22044604925E-16,1.));
#2435 = DIRECTION('',(-1.,2.22044604925E-17,4.930380657631E-33));
#2436 = ADVANCED_FACE('',(#2437),#2457,.T.);
#2437 = FACE_BOUND('',#2438,.T.);
#2438 = EDGE_LOOP('',(#2439,#2448,#2449,#2450));
#2439 = ORIENTED_EDGE('',*,*,#2440,.F.);
#2440 = EDGE_CURVE('',#1316,#2441,#2443,.T.);
#2441 = VERTEX_POINT('',#2442);
#2442 = CARTESIAN_POINT('',(147.,-86.,103.5));
#2443 = CIRCLE('',#2444,1.5);
#2444 = AXIS2_PLACEMENT_3D('',#2445,#2446,#2447);
#2445 = CARTESIAN_POINT('',(147.,-86.,102.));
#2446 = DIRECTION('',(0.,1.,2.22044604925E-16));
#2447 = DIRECTION('',(-1.,0.,0.));
#2448 = ORIENTED_EDGE('',*,*,#1323,.T.);
#2449 = ORIENTED_EDGE('',*,*,#1371,.T.);
#2450 = ORIENTED_EDGE('',*,*,#2451,.F.);
#2451 = EDGE_CURVE('',#2441,#1372,#2452,.T.);
#2452 = CIRCLE('',#2453,16.5);
#2453 = AXIS2_PLACEMENT_3D('',#2454,#2455,#2456);
#2454 = CARTESIAN_POINT('',(130.5,-86.,103.5));
#2455 = DIRECTION('',(0.,2.22044604925E-16,-1.));
#2456 = DIRECTION('',(1.,9.695947748393E-16,2.152932887166E-31));
#2457 = TOROIDAL_SURFACE('',#2458,16.5,1.5);
#2458 = AXIS2_PLACEMENT_3D('',#2459,#2460,#2461);
#2459 = CARTESIAN_POINT('',(130.5,-86.,102.));
#2460 = DIRECTION('',(0.,2.22044604925E-16,-1.));
#2461 = DIRECTION('',(1.,9.695947748393E-16,2.152932887166E-31));
#2462 = ADVANCED_FACE('',(#2463),#2488,.F.);
#2463 = FACE_BOUND('',#2464,.F.);
#2464 = EDGE_LOOP('',(#2465,#2466,#2474,#2482));
#2465 = ORIENTED_EDGE('',*,*,#1315,.F.);
#2466 = ORIENTED_EDGE('',*,*,#2467,.T.);
#2467 = EDGE_CURVE('',#1307,#2468,#2470,.T.);
#2468 = VERTEX_POINT('',#2469);
#2469 = CARTESIAN_POINT('',(145.5,-23.,80.));
#2470 = LINE('',#2471,#2472);
#2471 = CARTESIAN_POINT('',(145.5,-86.,80.));
#2472 = VECTOR('',#2473,1.);
#2473 = DIRECTION('',(0.,1.,2.22044604925E-16));
#2474 = ORIENTED_EDGE('',*,*,#2475,.T.);
#2475 = EDGE_CURVE('',#2468,#2476,#2478,.T.);
#2476 = VERTEX_POINT('',#2477);
#2477 = CARTESIAN_POINT('',(145.5,-23.,102.));
#2478 = LINE('',#2479,#2480);
#2479 = CARTESIAN_POINT('',(145.5,-23.,78.5));
#2480 = VECTOR('',#2481,1.);
#2481 = DIRECTION('',(0.,-2.22044604925E-16,1.));
#2482 = ORIENTED_EDGE('',*,*,#2483,.T.);
#2483 = EDGE_CURVE('',#2476,#1316,#2484,.T.);
#2484 = LINE('',#2485,#2486);
#2485 = CARTESIAN_POINT('',(145.5,-23.,102.));
#2486 = VECTOR('',#2487,1.);
#2487 = DIRECTION('',(-0.,-1.,-2.22044604925E-16));
#2488 = PLANE('',#2489);
#2489 = AXIS2_PLACEMENT_3D('',#2490,#2491,#2492);
#2490 = CARTESIAN_POINT('',(145.5,-101.,78.5));
#2491 = DIRECTION('',(1.,0.,0.));
#2492 = DIRECTION('',(0.,-2.22044604925E-16,1.));
#2493 = ADVANCED_FACE('',(#2494),#2527,.T.);
#2494 = FACE_BOUND('',#2495,.T.);
#2495 = EDGE_LOOP('',(#2496,#2502,#2503,#2511,#2519,#2525,#2526));
#2496 = ORIENTED_EDGE('',*,*,#2497,.F.);
#2497 = EDGE_CURVE('',#1956,#1381,#2498,.T.);
#2498 = LINE('',#2499,#2500);
#2499 = CARTESIAN_POINT('',(35.5,-118.,103.5));
#2500 = VECTOR('',#2501,1.);
#2501 = DIRECTION('',(0.,1.,-2.22044604925E-16));
#2502 = ORIENTED_EDGE('',*,*,#1953,.F.);
#2503 = ORIENTED_EDGE('',*,*,#2504,.T.);
#2504 = EDGE_CURVE('',#1954,#2505,#2507,.T.);
#2505 = VERTEX_POINT('',#2506);
#2506 = CARTESIAN_POINT('',(167.5,-23.,103.5));
#2507 = LINE('',#2508,#2509);
#2508 = CARTESIAN_POINT('',(167.5,-121.,103.5));
#2509 = VECTOR('',#2510,1.);
#2510 = DIRECTION('',(0.,1.,2.22044604925E-16));
#2511 = ORIENTED_EDGE('',*,*,#2512,.F.);
#2512 = EDGE_CURVE('',#2513,#2505,#2515,.T.);
#2513 = VERTEX_POINT('',#2514);
#2514 = CARTESIAN_POINT('',(147.,-23.,103.5));
#2515 = LINE('',#2516,#2517);
#2516 = CARTESIAN_POINT('',(145.5,-23.,103.5));
#2517 = VECTOR('',#2518,1.);
#2518 = DIRECTION('',(1.,0.,0.));
#2519 = ORIENTED_EDGE('',*,*,#2520,.T.);
#2520 = EDGE_CURVE('',#2513,#2441,#2521,.T.);
#2521 = LINE('',#2522,#2523);
#2522 = CARTESIAN_POINT('',(147.,-23.,103.5));
#2523 = VECTOR('',#2524,1.);
#2524 = DIRECTION('',(-0.,-1.,-2.22044604925E-16));
#2525 = ORIENTED_EDGE('',*,*,#2451,.T.);
#2526 = ORIENTED_EDGE('',*,*,#1380,.T.);
#2527 = PLANE('',#2528);
#2528 = AXIS2_PLACEMENT_3D('',#2529,#2530,#2531);
#2529 = CARTESIAN_POINT('',(119.34453781512,-90.84453781512,103.5));
#2530 = DIRECTION('',(0.,-2.22044604925E-16,1.));
#2531 = DIRECTION('',(0.,-1.,-2.22044604925E-16));
#2532 = ADVANCED_FACE('',(#2533),#2549,.F.);
#2533 = FACE_BOUND('',#2534,.T.);
#2534 = EDGE_LOOP('',(#2535,#2536,#2542,#2548));
#2535 = ORIENTED_EDGE('',*,*,#2269,.F.);
#2536 = ORIENTED_EDGE('',*,*,#2537,.T.);
#2537 = EDGE_CURVE('',#1729,#1837,#2538,.T.);
#2538 = ( BOUNDED_CURVE() B_SPLINE_CURVE(2,(#2539,#2540,#2541),
.UNSPECIFIED.,.F.,.F.) B_SPLINE_CURVE_WITH_KNOTS((3,3),(0.,
5.730296653873),.PIECEWISE_BEZIER_KNOTS.) CURVE() 
GEOMETRIC_REPRESENTATION_ITEM() RATIONAL_B_SPLINE_CURVE((1.,
0.707106781187,1.)) REPRESENTATION_ITEM('') );
#2539 = CARTESIAN_POINT('',(0.5,-118.,103.5));
#2540 = CARTESIAN_POINT('',(5.5,-118.,103.5));
#2541 = CARTESIAN_POINT('',(5.5,-118.,108.5));
#2542 = ORIENTED_EDGE('',*,*,#2543,.T.);
#2543 = EDGE_CURVE('',#1837,#1406,#2544,.T.);
#2544 = LINE('',#2545,#2546);
#2545 = CARTESIAN_POINT('',(5.5,-118.,108.5));
#2546 = VECTOR('',#2547,1.);
#2547 = DIRECTION('',(0.,1.,-2.22044604925E-16));
#2548 = ORIENTED_EDGE('',*,*,#1405,.F.);
#2549 = CYLINDRICAL_SURFACE('',#2550,5.);
#2550 = AXIS2_PLACEMENT_3D('',#2551,#2552,#2553);
#2551 = CARTESIAN_POINT('',(0.5,-118.,108.5));
#2552 = DIRECTION('',(0.,1.,-2.22044604925E-16));
#2553 = DIRECTION('',(-0.,-2.22044604925E-16,-1.));
#2554 = ADVANCED_FACE('',(#2555),#2571,.F.);
#2555 = FACE_BOUND('',#2556,.F.);
#2556 = EDGE_LOOP('',(#2557,#2558,#2564,#2570));
#2557 = ORIENTED_EDGE('',*,*,#2497,.F.);
#2558 = ORIENTED_EDGE('',*,*,#2559,.T.);
#2559 = EDGE_CURVE('',#1956,#2007,#2560,.T.);
#2560 = ( BOUNDED_CURVE() B_SPLINE_CURVE(2,(#2561,#2562,#2563),
.UNSPECIFIED.,.F.,.F.) B_SPLINE_CURVE_WITH_KNOTS((3,3),(0.,
5.730296682996),.PIECEWISE_BEZIER_KNOTS.) CURVE() 
GEOMETRIC_REPRESENTATION_ITEM() RATIONAL_B_SPLINE_CURVE((1.,
0.707106781187,1.)) REPRESENTATION_ITEM('') );
#2561 = CARTESIAN_POINT('',(35.5,-118.,103.5));
#2562 = CARTESIAN_POINT('',(30.5,-118.,103.5));
#2563 = CARTESIAN_POINT('',(30.5,-118.,108.5));
#2564 = ORIENTED_EDGE('',*,*,#2565,.T.);
#2565 = EDGE_CURVE('',#2007,#1433,#2566,.T.);
#2566 = LINE('',#2567,#2568);
#2567 = CARTESIAN_POINT('',(30.5,-118.,108.5));
#2568 = VECTOR('',#2569,1.);
#2569 = DIRECTION('',(0.,1.,-2.22044604925E-16));
#2570 = ORIENTED_EDGE('',*,*,#1441,.F.);
#2571 = CYLINDRICAL_SURFACE('',#2572,5.);
#2572 = AXIS2_PLACEMENT_3D('',#2573,#2574,#2575);
#2573 = CARTESIAN_POINT('',(35.5,-118.,108.5));
#2574 = DIRECTION('',(0.,1.,-2.22044604925E-16));
#2575 = DIRECTION('',(-0.,-2.22044604925E-16,-1.));
#2576 = ADVANCED_FACE('',(#2577),#2613,.T.);
#2577 = FACE_BOUND('',#2578,.T.);
#2578 = EDGE_LOOP('',(#2579,#2580,#2581,#2589,#2597,#2605,#2612));
#2579 = ORIENTED_EDGE('',*,*,#2543,.F.);
#2580 = ORIENTED_EDGE('',*,*,#1834,.F.);
#2581 = ORIENTED_EDGE('',*,*,#2582,.T.);
#2582 = EDGE_CURVE('',#1835,#2583,#2585,.T.);
#2583 = VERTEX_POINT('',#2584);
#2584 = CARTESIAN_POINT('',(5.5,-23.,175.5));
#2585 = LINE('',#2586,#2587);
#2586 = CARTESIAN_POINT('',(5.5,-121.,175.5));
#2587 = VECTOR('',#2588,1.);
#2588 = DIRECTION('',(0.,1.,-2.22044604925E-16));
#2589 = ORIENTED_EDGE('',*,*,#2590,.F.);
#2590 = EDGE_CURVE('',#2591,#2583,#2593,.T.);
#2591 = VERTEX_POINT('',#2592);
#2592 = CARTESIAN_POINT('',(5.5,-23.,155.));
#2593 = LINE('',#2594,#2595);
#2594 = CARTESIAN_POINT('',(5.5,-23.,153.5));
#2595 = VECTOR('',#2596,1.);
#2596 = DIRECTION('',(0.,-2.22044604925E-16,1.));
#2597 = ORIENTED_EDGE('',*,*,#2598,.F.);
#2598 = EDGE_CURVE('',#2599,#2591,#2601,.T.);
#2599 = VERTEX_POINT('',#2600);
#2600 = CARTESIAN_POINT('',(5.5,-86.,155.));
#2601 = LINE('',#2602,#2603);
#2602 = CARTESIAN_POINT('',(5.5,-86.,155.));
#2603 = VECTOR('',#2604,1.);
#2604 = DIRECTION('',(0.,1.,2.22044604925E-16));
#2605 = ORIENTED_EDGE('',*,*,#2606,.F.);
#2606 = EDGE_CURVE('',#1459,#2599,#2607,.T.);
#2607 = CIRCLE('',#2608,16.5);
#2608 = AXIS2_PLACEMENT_3D('',#2609,#2610,#2611);
#2609 = CARTESIAN_POINT('',(5.5,-86.,138.5));
#2610 = DIRECTION('',(-1.,0.,0.));
#2611 = DIRECTION('',(0.,-1.,1.894780628694E-15));
#2612 = ORIENTED_EDGE('',*,*,#1467,.F.);
#2613 = PLANE('',#2614);
#2614 = AXIS2_PLACEMENT_3D('',#2615,#2616,#2617);
#2615 = CARTESIAN_POINT('',(5.5,-83.27167630057,152.27167630057));
#2616 = DIRECTION('',(-1.,0.,0.));
#2617 = DIRECTION('',(0.,1.,2.22044604925E-16));
#2618 = ADVANCED_FACE('',(#2619),#2631,.T.);
#2619 = FACE_BOUND('',#2620,.T.);
#2620 = EDGE_LOOP('',(#2621,#2622,#2623,#2630));
#2621 = ORIENTED_EDGE('',*,*,#1458,.F.);
#2622 = ORIENTED_EDGE('',*,*,#2606,.T.);
#2623 = ORIENTED_EDGE('',*,*,#2624,.T.);
#2624 = EDGE_CURVE('',#2599,#1517,#2625,.T.);
#2625 = CIRCLE('',#2626,1.5);
#2626 = AXIS2_PLACEMENT_3D('',#2627,#2628,#2629);
#2627 = CARTESIAN_POINT('',(7.,-86.,155.));
#2628 = DIRECTION('',(-0.,-1.,-6.089423654391E-16));
#2629 = DIRECTION('',(0.,-6.089423654391E-16,1.));
#2630 = ORIENTED_EDGE('',*,*,#1524,.F.);
#2631 = TOROIDAL_SURFACE('',#2632,16.5,1.5);
#2632 = AXIS2_PLACEMENT_3D('',#2633,#2634,#2635);
#2633 = CARTESIAN_POINT('',(7.,-86.,138.5));
#2634 = DIRECTION('',(-1.,0.,0.));
#2635 = DIRECTION('',(0.,-1.,1.894780628694E-15));
#2636 = ADVANCED_FACE('',(#2637),#2673,.T.);
#2637 = FACE_BOUND('',#2638,.T.);
#2638 = EDGE_LOOP('',(#2639,#2640,#2641,#2650,#2658,#2666,#2672));
#2639 = ORIENTED_EDGE('',*,*,#2565,.T.);
#2640 = ORIENTED_EDGE('',*,*,#1482,.T.);
#2641 = ORIENTED_EDGE('',*,*,#2642,.T.);
#2642 = EDGE_CURVE('',#1483,#2643,#2645,.T.);
#2643 = VERTEX_POINT('',#2644);
#2644 = CARTESIAN_POINT('',(30.5,-86.,155.));
#2645 = CIRCLE('',#2646,16.5);
#2646 = AXIS2_PLACEMENT_3D('',#2647,#2648,#2649);
#2647 = CARTESIAN_POINT('',(30.5,-86.,138.5));
#2648 = DIRECTION('',(-1.,0.,0.));
#2649 = DIRECTION('',(0.,-1.,1.894780628694E-15));
#2650 = ORIENTED_EDGE('',*,*,#2651,.T.);
#2651 = EDGE_CURVE('',#2643,#2652,#2654,.T.);
#2652 = VERTEX_POINT('',#2653);
#2653 = CARTESIAN_POINT('',(30.5,-23.,155.));
#2654 = LINE('',#2655,#2656);
#2655 = CARTESIAN_POINT('',(30.5,-86.,155.));
#2656 = VECTOR('',#2657,1.);
#2657 = DIRECTION('',(0.,1.,2.22044604925E-16));
#2658 = ORIENTED_EDGE('',*,*,#2659,.F.);
#2659 = EDGE_CURVE('',#2660,#2652,#2662,.T.);
#2660 = VERTEX_POINT('',#2661);
#2661 = CARTESIAN_POINT('',(30.5,-23.,175.5));
#2662 = LINE('',#2663,#2664);
#2663 = CARTESIAN_POINT('',(30.5,-23.,178.5));
#2664 = VECTOR('',#2665,1.);
#2665 = DIRECTION('',(0.,2.22044604925E-16,-1.));
#2666 = ORIENTED_EDGE('',*,*,#2667,.F.);
#2667 = EDGE_CURVE('',#2009,#2660,#2668,.T.);
#2668 = LINE('',#2669,#2670);
#2669 = CARTESIAN_POINT('',(30.5,-121.,175.5));
#2670 = VECTOR('',#2671,1.);
#2671 = DIRECTION('',(0.,1.,2.22044604925E-16));
#2672 = ORIENTED_EDGE('',*,*,#2006,.F.);
#2673 = PLANE('',#2674);
#2674 = AXIS2_PLACEMENT_3D('',#2675,#2676,#2677);
#2675 = CARTESIAN_POINT('',(30.5,-83.27167630057,152.27167630057));
#2676 = DIRECTION('',(1.,0.,0.));
#2677 = DIRECTION('',(0.,-1.,-2.22044604925E-16));
#2678 = ADVANCED_FACE('',(#2679),#2691,.T.);
#2679 = FACE_BOUND('',#2680,.T.);
#2680 = EDGE_LOOP('',(#2681,#2682,#2683,#2690));
#2681 = ORIENTED_EDGE('',*,*,#1490,.F.);
#2682 = ORIENTED_EDGE('',*,*,#1507,.T.);
#2683 = ORIENTED_EDGE('',*,*,#2684,.T.);
#2684 = EDGE_CURVE('',#1508,#2643,#2685,.T.);
#2685 = CIRCLE('',#2686,1.5);
#2686 = AXIS2_PLACEMENT_3D('',#2687,#2688,#2689);
#2687 = CARTESIAN_POINT('',(29.,-86.,155.));
#2688 = DIRECTION('',(-0.,-1.,-6.089423654391E-16));
#2689 = DIRECTION('',(0.,-6.089423654391E-16,1.));
#2690 = ORIENTED_EDGE('',*,*,#2642,.F.);
#2691 = TOROIDAL_SURFACE('',#2692,16.5,1.5);
#2692 = AXIS2_PLACEMENT_3D('',#2693,#2694,#2695);
#2693 = CARTESIAN_POINT('',(29.,-86.,138.5));
#2694 = DIRECTION('',(-1.,-0.,-0.));
#2695 = DIRECTION('',(0.,-1.,1.894780628694E-15));
#2696 = ADVANCED_FACE('',(#2697),#2722,.F.);
#2697 = FACE_BOUND('',#2698,.F.);
#2698 = EDGE_LOOP('',(#2699,#2700,#2708,#2716));
#2699 = ORIENTED_EDGE('',*,*,#1516,.F.);
#2700 = ORIENTED_EDGE('',*,*,#2701,.T.);
#2701 = EDGE_CURVE('',#1508,#2702,#2704,.T.);
#2702 = VERTEX_POINT('',#2703);
#2703 = CARTESIAN_POINT('',(29.,-23.,153.5));
#2704 = LINE('',#2705,#2706);
#2705 = CARTESIAN_POINT('',(29.,-86.,153.5));
#2706 = VECTOR('',#2707,1.);
#2707 = DIRECTION('',(0.,1.,2.22044604925E-16));
#2708 = ORIENTED_EDGE('',*,*,#2709,.T.);
#2709 = EDGE_CURVE('',#2702,#2710,#2712,.T.);
#2710 = VERTEX_POINT('',#2711);
#2711 = CARTESIAN_POINT('',(7.,-23.,153.5));
#2712 = LINE('',#2713,#2714);
#2713 = CARTESIAN_POINT('',(30.5,-23.,153.5));
#2714 = VECTOR('',#2715,1.);
#2715 = DIRECTION('',(-1.,0.,0.));
#2716 = ORIENTED_EDGE('',*,*,#2717,.F.);
#2717 = EDGE_CURVE('',#1517,#2710,#2718,.T.);
#2718 = LINE('',#2719,#2720);
#2719 = CARTESIAN_POINT('',(7.,-86.,153.5));
#2720 = VECTOR('',#2721,1.);
#2721 = DIRECTION('',(0.,1.,2.22044604925E-16));
#2722 = PLANE('',#2723);
#2723 = AXIS2_PLACEMENT_3D('',#2724,#2725,#2726);
#2724 = CARTESIAN_POINT('',(30.5,-101.,153.5));
#2725 = DIRECTION('',(0.,-2.22044604925E-16,1.));
#2726 = DIRECTION('',(-1.,0.,0.));
#2727 = ADVANCED_FACE('',(#2728,#2734),#2768,.T.);
#2728 = FACE_BOUND('',#2729,.T.);
#2729 = EDGE_LOOP('',(#2730,#2731,#2732,#2733));
#2730 = ORIENTED_EDGE('',*,*,#1547,.T.);
#2731 = ORIENTED_EDGE('',*,*,#1571,.T.);
#2732 = ORIENTED_EDGE('',*,*,#1595,.T.);
#2733 = ORIENTED_EDGE('',*,*,#1619,.T.);
#2734 = FACE_BOUND('',#2735,.F.);
#2735 = EDGE_LOOP('',(#2736,#2746,#2754,#2762));
#2736 = ORIENTED_EDGE('',*,*,#2737,.T.);
#2737 = EDGE_CURVE('',#2738,#2740,#2742,.T.);
#2738 = VERTEX_POINT('',#2739);
#2739 = CARTESIAN_POINT('',(10.3,-76.,80.7));
#2740 = VERTEX_POINT('',#2741);
#2741 = CARTESIAN_POINT('',(10.3,-76.,101.3));
#2742 = LINE('',#2743,#2744);
#2743 = CARTESIAN_POINT('',(10.3,-76.,80.7));
#2744 = VECTOR('',#2745,1.);
#2745 = DIRECTION('',(0.,-2.22044604925E-16,1.));
#2746 = ORIENTED_EDGE('',*,*,#2747,.T.);
#2747 = EDGE_CURVE('',#2740,#2748,#2750,.T.);
#2748 = VERTEX_POINT('',#2749);
#2749 = CARTESIAN_POINT('',(25.7,-76.,101.3));
#2750 = LINE('',#2751,#2752);
#2751 = CARTESIAN_POINT('',(10.3,-76.,101.3));
#2752 = VECTOR('',#2753,1.);
#2753 = DIRECTION('',(1.,0.,0.));
#2754 = ORIENTED_EDGE('',*,*,#2755,.T.);
#2755 = EDGE_CURVE('',#2748,#2756,#2758,.T.);
#2756 = VERTEX_POINT('',#2757);
#2757 = CARTESIAN_POINT('',(25.7,-76.,80.7));
#2758 = LINE('',#2759,#2760);
#2759 = CARTESIAN_POINT('',(25.7,-76.,101.3));
#2760 = VECTOR('',#2761,1.);
#2761 = DIRECTION('',(0.,2.22044604925E-16,-1.));
#2762 = ORIENTED_EDGE('',*,*,#2763,.T.);
#2763 = EDGE_CURVE('',#2756,#2738,#2764,.T.);
#2764 = LINE('',#2765,#2766);
#2765 = CARTESIAN_POINT('',(25.7,-76.,80.7));
#2766 = VECTOR('',#2767,1.);
#2767 = DIRECTION('',(-1.,0.,0.));
#2768 = PLANE('',#2769);
#2769 = AXIS2_PLACEMENT_3D('',#2770,#2771,#2772);
#2770 = CARTESIAN_POINT('',(18.,-76.,91.));
#2771 = DIRECTION('',(0.,1.,2.948226994806E-16));
#2772 = DIRECTION('',(0.,-2.948226994806E-16,1.));
#2773 = ADVANCED_FACE('',(#2774),#2779,.T.);
#2774 = FACE_BOUND('',#2775,.T.);
#2775 = EDGE_LOOP('',(#2776,#2777,#2778));
#2776 = ORIENTED_EDGE('',*,*,#1766,.F.);
#2777 = ORIENTED_EDGE('',*,*,#2325,.T.);
#2778 = ORIENTED_EDGE('',*,*,#1654,.F.);
#2779 = SPHERICAL_SURFACE('',#2780,3.);
#2780 = AXIS2_PLACEMENT_3D('',#2781,#2782,#2783);
#2781 = CARTESIAN_POINT('',(-66.5,-118.,100.5));
#2782 = DIRECTION('',(0.,2.22044604925E-16,-1.));
#2783 = DIRECTION('',(0.,-1.,-2.22044604925E-16));
#2784 = ADVANCED_FACE('',(#2785),#2790,.F.);
#2785 = FACE_BOUND('',#2786,.F.);
#2786 = EDGE_LOOP('',(#2787,#2788,#2789));
#2787 = ORIENTED_EDGE('',*,*,#1791,.T.);
#2788 = ORIENTED_EDGE('',*,*,#2172,.F.);
#2789 = ORIENTED_EDGE('',*,*,#1693,.F.);
#2790 = ( BOUNDED_SURFACE() B_SPLINE_SURFACE(2,12,(
    (#2791,#2792,#2793,#2794,#2795,#2796,#2797,#2798,#2799,#2800,#2801
      ,#2802,#2803,#2804,#2805,#2806,#2807,#2808,#2809,#2810,#2811,#2812
      ,#2813,#2814)
    ,(#2815,#2816,#2817,#2818,#2819,#2820,#2821,#2822,#2823,#2824,#2825
      ,#2826,#2827,#2828,#2829,#2830,#2831,#2832,#2833,#2834,#2835,#2836
      ,#2837,#2838)
    ,(#2839,#2840,#2841,#2842,#2843,#2844,#2845,#2846,#2847,#2848,#2849
      ,#2850,#2851,#2852,#2853,#2854,#2855,#2856,#2857,#2858,#2859,#2860
      ,#2861,#2862
)),.UNSPECIFIED.,.F.,.F.,.F.) B_SPLINE_SURFACE_WITH_KNOTS((3,3),(13,11,
    13),(0.,5.730296681181),(2.375107014066E-09,2.865148342966,
5.730296683556),.UNSPECIFIED.) GEOMETRIC_REPRESENTATION_ITEM() 
RATIONAL_B_SPLINE_SURFACE((
    (1.,1.,1.,1.,0.999999999999,1.000000000001,0.999999999999
      ,1.000000000001,0.999999999999,1.,1.,1.,1.,1.,0.999999999999
      ,1.000000000002,0.999999999998,1.000000000002,0.999999999999
      ,1.000000000001,1.,1.,1.,1.)
    ,(1.,1.,0.999302057143,0.997913490101,0.995825046788,0.993019684757
      ,0.989475043297,0.98515960727,0.980022562627,0.973977343693
      ,0.96687887211,0.958494487544,0.938442652621,0.92673503163
      ,0.913360737862,0.895918397426,0.879953497816,0.850041896065
      ,0.830653251657,0.787858788003,0.750155536021,0.721421691149
      ,0.707106781187,0.707106781187)
    ,(1.,1.,1.,1.,0.999999999999,1.000000000001,0.999999999999
      ,1.000000000001,0.999999999999,1.,1.,1.,1.,1.,0.999999999999
      ,1.000000000002,0.999999999998,1.000000000002,0.999999999999
,1.000000000001,1.,1.,1.,1.))) REPRESENTATION_ITEM('') SURFACE() );
#2791 = CARTESIAN_POINT('',(27.5,-121.,81.499999992187));
#2792 = CARTESIAN_POINT('',(27.607099256771,-121.,81.214401969053));
#2793 = CARTESIAN_POINT('',(27.714216132889,-120.9957986292,
    80.928791767684));
#2794 = CARTESIAN_POINT('',(27.821253265445,-120.9874732593,
    80.643031722941));
#2795 = CARTESIAN_POINT('',(27.928175022141,-120.9749826694,
    80.356932328336));
#2796 = CARTESIAN_POINT('',(28.034975000772,-120.9582504921,
    80.070229853813));
#2797 = CARTESIAN_POINT('',(28.141669459888,-120.9372049364,
    79.782528602481));
#2798 = CARTESIAN_POINT('',(28.248316678011,-120.9117747864,
    79.493207807783));
#2799 = CARTESIAN_POINT('',(28.355062241654,-120.8818416768,
    79.201293171065));
#2800 = CARTESIAN_POINT('',(28.462210261826,-120.8471486444,
    78.9052930396));
#2801 = CARTESIAN_POINT('',(28.57032051937,-120.8071649564,
    78.602999224993));
#2802 = CARTESIAN_POINT('',(28.680331538815,-120.7609072148,
    78.291252462044));
#2803 = CARTESIAN_POINT('',(28.907087643166,-120.652526259,
    77.640092553977));
#2804 = CARTESIAN_POINT('',(29.02411046517,-120.5903708295,
    77.300433520419));
#2805 = CARTESIAN_POINT('',(29.143856378541,-120.5181280929,
    76.944914078331));
#2806 = CARTESIAN_POINT('',(29.280027546026,-120.4351233836,
    76.55505306901));
#2807 = CARTESIAN_POINT('',(29.401392598155,-120.327681537,
    76.167085911181));
#2808 = CARTESIAN_POINT('',(29.583050580932,-120.217967662,
    75.672065206166));
#2809 = CARTESIAN_POINT('',(29.728545607975,-120.0260233131,
    75.244392377141));
#2810 = CARTESIAN_POINT('',(29.93771355275,-119.8552324474,
    74.644847373619));
#2811 = CARTESIAN_POINT('',(30.203111849359,-119.5073561894,
    74.103438385962));
#2812 = CARTESIAN_POINT('',(30.399979652424,-119.0474160928,
    73.700911684836));
#2813 = CARTESIAN_POINT('',(30.5,-118.5235963784,73.5));
#2814 = CARTESIAN_POINT('',(30.5,-118.,73.5));
#2815 = CARTESIAN_POINT('',(27.499999998437,-121.,81.499999994531));
#2816 = CARTESIAN_POINT('',(27.696348640343,-120.9999999999,
    81.303651352625));
#2817 = CARTESIAN_POINT('',(27.892935669202,-120.9888830181,
    81.107064331705));
#2818 = CARTESIAN_POINT('',(28.089011494988,-120.9665684016,
    80.910988510277));
#2819 = CARTESIAN_POINT('',(28.283695781513,-120.9330840015,
    80.716304222573));
#2820 = CARTESIAN_POINT('',(28.47610910033,-120.8885291348,
    80.523890899687));
#2821 = CARTESIAN_POINT('',(28.66544516639,-120.8330415128,
    80.334554830312));
#2822 = CARTESIAN_POINT('',(28.850992426881,-120.7667668352,
    80.149007569531));
#2823 = CARTESIAN_POINT('',(29.032112558333,-120.6898277785,
    79.967887440673));
#2824 = CARTESIAN_POINT('',(29.208181916117,-120.6022870323,
    79.791818085996));
#2825 = CARTESIAN_POINT('',(29.378500099025,-120.5040966964,
    79.621499903675));
#2826 = CARTESIAN_POINT('',(29.542167216798,-120.3950234202,
    79.457832783202));
#2827 = CARTESIAN_POINT('',(29.857015662261,-120.1514708428,
    79.142984337739));
#2828 = CARTESIAN_POINT('',(30.008729245465,-120.0156645746,
    78.991270754535));
#2829 = CARTESIAN_POINT('',(30.154460162278,-119.8655364318,
    78.845539837722));
#2830 = CARTESIAN_POINT('',(30.279727369275,-119.7009229337,
    78.720272630725));
#2831 = CARTESIAN_POINT('',(30.421077324896,-119.518627454,
    78.578922675104));
#2832 = CARTESIAN_POINT('',(30.486686389722,-119.3066092574,
    78.51331361028));
#2833 = CARTESIAN_POINT('',(30.608159416348,-119.1036569563,
    78.39184058365));
#2834 = CARTESIAN_POINT('',(30.612301707881,-118.8077376313,
    78.387698292121));
#2835 = CARTESIAN_POINT('',(30.56958146489,-118.5876829288,
    78.430418535109));
#2836 = CARTESIAN_POINT('',(30.524613621638,-118.3845539618,
    78.475386378362));
#2837 = CARTESIAN_POINT('',(30.5,-118.1963486419,78.5));
#2838 = CARTESIAN_POINT('',(30.5,-118.,78.5));
#2839 = CARTESIAN_POINT('',(27.5,-121.,81.5));
#2840 = CARTESIAN_POINT('',(27.785598023916,-120.9999999998,
    81.392900736197));
#2841 = CARTESIAN_POINT('',(28.071208233221,-120.9957986292,
    81.285783868018));
#2842 = CARTESIAN_POINT('',(28.356968282313,-120.9874732595,
    81.178746739806));
#2843 = CARTESIAN_POINT('',(28.643067675733,-120.9749826695,
    81.071824981932));
#2844 = CARTESIAN_POINT('',(28.929770146204,-120.9582504921,
    80.965024999238));
#2845 = CARTESIAN_POINT('',(29.217471394255,-120.9372049363,
    80.858330536857));
#2846 = CARTESIAN_POINT('',(29.506792188683,-120.9117747863,
    80.751683318447));
#2847 = CARTESIAN_POINT('',(29.798706827961,-120.8818416767,
    80.644937757377));
#2848 = CARTESIAN_POINT('',(30.094706962458,-120.8471486444,
    80.537789740229));
#2849 = CARTESIAN_POINT('',(30.397000777617,-120.8071649565,
    80.429679483242));
#2850 = CARTESIAN_POINT('',(30.708747537956,-120.7609072148,
    80.319668461184));
#2851 = CARTESIAN_POINT('',(31.359907446023,-120.652526259,
    80.092912356834));
#2852 = CARTESIAN_POINT('',(31.699566479581,-120.5903708295,
    79.97588953483));
#2853 = CARTESIAN_POINT('',(32.055085921669,-120.5181280929,
    79.85614362146));
#2854 = CARTESIAN_POINT('',(32.44494693099,-120.4351233836,
    79.719972453974));
#2855 = CARTESIAN_POINT('',(32.832914088819,-120.327681537,
    79.598607401847));
#2856 = CARTESIAN_POINT('',(33.327934793835,-120.217967662,
    79.416949419066));
#2857 = CARTESIAN_POINT('',(33.755607622858,-120.0260233131,
    79.271454392027));
#2858 = CARTESIAN_POINT('',(34.355152626382,-119.8552324474,
    79.062286447249));
#2859 = CARTESIAN_POINT('',(34.896561614038,-119.5073561894,
    78.796888150642));
#2860 = CARTESIAN_POINT('',(35.299088315163,-119.0474160928,
    78.600020347576));
#2861 = CARTESIAN_POINT('',(35.5,-118.5235963784,78.5));
#2862 = CARTESIAN_POINT('',(35.5,-118.,78.5));
#2863 = ADVANCED_FACE('',(#2864),#2869,.T.);
#2864 = FACE_BOUND('',#2865,.T.);
#2865 = EDGE_LOOP('',(#2866,#2867,#2868));
#2866 = ORIENTED_EDGE('',*,*,#1852,.T.);
#2867 = ORIENTED_EDGE('',*,*,#2537,.F.);
#2868 = ORIENTED_EDGE('',*,*,#1738,.F.);
#2869 = ( BOUNDED_SURFACE() B_SPLINE_SURFACE(2,12,(
    (#2870,#2871,#2872,#2873,#2874,#2875,#2876,#2877,#2878,#2879,#2880
      ,#2881,#2882,#2883,#2884,#2885,#2886,#2887,#2888,#2889,#2890,#2891
      ,#2892,#2893)
    ,(#2894,#2895,#2896,#2897,#2898,#2899,#2900,#2901,#2902,#2903,#2904
      ,#2905,#2906,#2907,#2908,#2909,#2910,#2911,#2912,#2913,#2914,#2915
      ,#2916,#2917)
    ,(#2918,#2919,#2920,#2921,#2922,#2923,#2924,#2925,#2926,#2927,#2928
      ,#2929,#2930,#2931,#2932,#2933,#2934,#2935,#2936,#2937,#2938,#2939
      ,#2940,#2941
)),.UNSPECIFIED.,.F.,.F.,.F.) B_SPLINE_SURFACE_WITH_KNOTS((3,3),(13,11,
    13),(0.,5.730296653873),(2.96829799116E-08,2.865148356619,
5.730296683556),.UNSPECIFIED.) GEOMETRIC_REPRESENTATION_ITEM() 
RATIONAL_B_SPLINE_SURFACE((
    (1.,1.,1.,1.000000000001,0.999999999999,1.000000000002
      ,0.999999999998,1.000000000002,0.999999999999,1.,1.,1.,1.,1.
      ,1.000000000001,0.999999999998,1.000000000002,0.999999999998
      ,1.000000000001,0.999999999999,1.,1.,1.,1.)
    ,(1.,1.,0.999302057014,0.997913489861,0.995825046493,0.993019684448
      ,0.989475042975,0.985159606913,0.980022562212,0.973977343213
      ,0.966878871588,0.958494487009,0.938442652009,0.926735030979
      ,0.913360737154,0.895918396735,0.879953496933,0.850041895397
      ,0.830653250718,0.787858787244,0.750155535623,0.721421691011
      ,0.707106781187,0.707106781187)
    ,(1.,1.,1.,1.000000000001,0.999999999999,1.000000000002
      ,0.999999999998,1.000000000002,0.999999999999,1.,1.,1.,1.,1.
      ,1.000000000001,0.999999999998,1.000000000002,0.999999999998
,1.000000000001,0.999999999999,1.,1.,1.,1.
))) REPRESENTATION_ITEM('') SURFACE() );
#2870 = CARTESIAN_POINT('',(8.49999997559,-121.,100.50000002441));
#2871 = CARTESIAN_POINT('',(8.214401941265,-120.9999999995,
    100.60709927202));
#2872 = CARTESIAN_POINT('',(7.928791737273,-120.9957986284,
    100.71421614365));
#2873 = CARTESIAN_POINT('',(7.643031691687,-120.9874732582,
    100.82125327352));
#2874 = CARTESIAN_POINT('',(7.356932298985,-120.9749826679,
    100.92817503028));
#2875 = CARTESIAN_POINT('',(7.070229827781,-120.9582504903,
    101.03497501043));
#2876 = CARTESIAN_POINT('',(6.782528579339,-120.9372049343,
    101.14166947066));
#2877 = CARTESIAN_POINT('',(6.49320778599,-120.9117747841,
    101.24831668842));
#2878 = CARTESIAN_POINT('',(6.201293149137,-120.8818416743,
    101.35506225029));
#2879 = CARTESIAN_POINT('',(5.905293017233,-120.8471486418,
    101.46221026848));
#2880 = CARTESIAN_POINT('',(5.602999203338,-120.8071649537,
    101.57032052531));
#2881 = CARTESIAN_POINT('',(5.291252442599,-120.7609072119,
    101.68033154566));
#2882 = CARTESIAN_POINT('',(4.640092536185,-120.6525262558,
    101.90708764928));
#2883 = CARTESIAN_POINT('',(4.300433503394,-120.5903708261,
    102.02411047096));
#2884 = CARTESIAN_POINT('',(3.944914061873,-120.5181280893,
    102.14385638409));
#2885 = CARTESIAN_POINT('',(3.555053053683,-120.4351233795,
    102.28002755123));
#2886 = CARTESIAN_POINT('',(3.167085895425,-120.3276815333,
    102.40139260339));
#2887 = CARTESIAN_POINT('',(2.672065193176,-120.2179676566,
    102.58305058591));
#2888 = CARTESIAN_POINT('',(2.244392363401,-120.026023309,
    102.72854561236));
#2889 = CARTESIAN_POINT('',(1.644847363028,-119.8552324408,
    102.9377135581));
#2890 = CARTESIAN_POINT('',(1.103438380294,-119.5073561829,
    103.20311185208));
#2891 = CARTESIAN_POINT('',(0.700911682907,-119.0474160878,
    103.39997965339));
#2892 = CARTESIAN_POINT('',(0.5,-118.5235963759,103.5));
#2893 = CARTESIAN_POINT('',(0.5,-118.,103.5));
#2894 = CARTESIAN_POINT('',(8.49999997559,-121.,100.50000002441));
#2895 = CARTESIAN_POINT('',(8.303651334619,-120.9999999995,
    100.69634866538));
#2896 = CARTESIAN_POINT('',(8.10706431072,-120.988883016,100.89293568928
    ));
#2897 = CARTESIAN_POINT('',(7.910988488153,-120.966568398,
    101.08901151184));
#2898 = CARTESIAN_POINT('',(7.716304202152,-120.9330839971,
    101.28369579785));
#2899 = CARTESIAN_POINT('',(7.523890882486,-120.88852913,101.47610911751
    ));
#2900 = CARTESIAN_POINT('',(7.33455481599,-120.8330415077,
    101.66544518401));
#2901 = CARTESIAN_POINT('',(7.149007556564,-120.7667668296,
    101.85099244343));
#2902 = CARTESIAN_POINT('',(6.967887427576,-120.6898277724,
    102.03211257242));
#2903 = CARTESIAN_POINT('',(6.791818072481,-120.6022870256,
    102.20818192751));
#2904 = CARTESIAN_POINT('',(6.621499891013,-120.5040966894,
    102.37850010898));
#2905 = CARTESIAN_POINT('',(6.457832773076,-120.3950234133,
    102.54216722692));
#2906 = CARTESIAN_POINT('',(6.142984329871,-120.1514708358,
    102.85701567012));
#2907 = CARTESIAN_POINT('',(5.991270747781,-120.0156645676,
    103.00872925221));
#2908 = CARTESIAN_POINT('',(5.845539832163,-119.8655364248,
    103.15446016783));
#2909 = CARTESIAN_POINT('',(5.720272626024,-119.700922927,
    103.27972737397));
#2910 = CARTESIAN_POINT('',(5.57892267216,-119.518627447,103.42107732784
    ));
#2911 = CARTESIAN_POINT('',(5.513313607735,-119.3066092519,
    103.48668639226));
#2912 = CARTESIAN_POINT('',(5.391840582951,-119.1036569496,
    103.60815941704));
#2913 = CARTESIAN_POINT('',(5.387698293209,-118.8077376273,
    103.61230170679));
#2914 = CARTESIAN_POINT('',(5.430418535624,-118.587682926,
    103.56958146437));
#2915 = CARTESIAN_POINT('',(5.475386378609,-118.3845539601,
    103.52461362139));
#2916 = CARTESIAN_POINT('',(5.5,-118.1963486409,103.5));
#2917 = CARTESIAN_POINT('',(5.5,-118.,103.5));
#2918 = CARTESIAN_POINT('',(8.49999997559,-121.,100.50000002441));
#2919 = CARTESIAN_POINT('',(8.392900727974,-120.9999999995,
    100.78559805873));
#2920 = CARTESIAN_POINT('',(8.285783856341,-120.9957986284,
    101.07120826272));
#2921 = CARTESIAN_POINT('',(8.178746726478,-120.9874732582,
    101.35696830831));
#2922 = CARTESIAN_POINT('',(8.07182496971,-120.9749826679,
    101.64306770101));
#2923 = CARTESIAN_POINT('',(7.965024989575,-120.9582504903,
    101.92977017222));
#2924 = CARTESIAN_POINT('',(7.858330529332,-120.9372049343,
    102.21747142065));
#2925 = CARTESIAN_POINT('',(7.751683311578,-120.9117747841,
    102.50679221401));
#2926 = CARTESIAN_POINT('',(7.644937749704,-120.8818416743,
    102.79870685086));
#2927 = CARTESIAN_POINT('',(7.537789731514,-120.8471486418,
    103.09470698276));
#2928 = CARTESIAN_POINT('',(7.429679474685,-120.8071649537,
    103.39700079666));
#2929 = CARTESIAN_POINT('',(7.319668454338,-120.7609072119,
    103.7087475574));
#2930 = CARTESIAN_POINT('',(7.092912350713,-120.6525262558,
    104.35990746381));
#2931 = CARTESIAN_POINT('',(6.975889529037,-120.5903708261,
    104.6995664966));
#2932 = CARTESIAN_POINT('',(6.8561436159,-120.5181280893,105.05508593812
    ));
#2933 = CARTESIAN_POINT('',(6.719972448769,-120.4351233795,
    105.44494694631));
#2934 = CARTESIAN_POINT('',(6.598607396605,-120.3276815333,
    105.83291410458));
#2935 = CARTESIAN_POINT('',(6.416949414084,-120.2179676566,
    106.32793480681));
#2936 = CARTESIAN_POINT('',(6.27145438763,-120.026023309,106.7556076366)
  );
#2937 = CARTESIAN_POINT('',(6.062286441901,-119.8552324408,
    107.35515263696));
#2938 = CARTESIAN_POINT('',(5.796888147918,-119.5073561829,
    107.8965616197));
#2939 = CARTESIAN_POINT('',(5.600020346609,-119.0474160878,
    108.29908831709));
#2940 = CARTESIAN_POINT('',(5.5,-118.5235963759,108.5));
#2941 = CARTESIAN_POINT('',(5.5,-118.,108.5));
#2942 = ADVANCED_FACE('',(#2943),#2954,.T.);
#2943 = FACE_BOUND('',#2944,.F.);
#2944 = EDGE_LOOP('',(#2945,#2946,#2953));
#2945 = ORIENTED_EDGE('',*,*,#1887,.F.);
#2946 = ORIENTED_EDGE('',*,*,#2947,.T.);
#2947 = EDGE_CURVE('',#1888,#1784,#2948,.T.);
#2948 = CIRCLE('',#2949,3.);
#2949 = AXIS2_PLACEMENT_3D('',#2950,#2951,#2952);
#2950 = CARTESIAN_POINT('',(167.5,-118.,81.5));
#2951 = DIRECTION('',(0.,1.,-6.123233995737E-17));
#2952 = DIRECTION('',(0.,-6.123233995737E-17,-1.));
#2953 = ORIENTED_EDGE('',*,*,#1819,.F.);
#2954 = SPHERICAL_SURFACE('',#2955,3.);
#2955 = AXIS2_PLACEMENT_3D('',#2956,#2957,#2958);
#2956 = CARTESIAN_POINT('',(167.5,-118.,81.5));
#2957 = DIRECTION('',(-1.,-0.,-0.));
#2958 = DIRECTION('',(0.,-1.,0.));
#2959 = ADVANCED_FACE('',(#2960),#2971,.T.);
#2960 = FACE_BOUND('',#2961,.T.);
#2961 = EDGE_LOOP('',(#2962,#2963,#2970));
#2962 = ORIENTED_EDGE('',*,*,#1938,.F.);
#2963 = ORIENTED_EDGE('',*,*,#2964,.T.);
#2964 = EDGE_CURVE('',#1931,#1835,#2965,.T.);
#2965 = CIRCLE('',#2966,3.);
#2966 = AXIS2_PLACEMENT_3D('',#2967,#2968,#2969);
#2967 = CARTESIAN_POINT('',(8.5,-118.,175.5));
#2968 = DIRECTION('',(1.171455364583E-15,-1.,-2.22044604925E-16));
#2969 = DIRECTION('',(-1.,-1.171455364583E-15,-2.60115343616E-31));
#2970 = ORIENTED_EDGE('',*,*,#1844,.F.);
#2971 = SPHERICAL_SURFACE('',#2972,3.);
#2972 = AXIS2_PLACEMENT_3D('',#2973,#2974,#2975);
#2973 = CARTESIAN_POINT('',(8.5,-118.,175.5));
#2974 = DIRECTION('',(0.,2.22044604925E-16,-1.));
#2975 = DIRECTION('',(0.,-1.,-2.22044604925E-16));
#2976 = ADVANCED_FACE('',(#2977),#3002,.T.);
#2977 = FACE_BOUND('',#2978,.T.);
#2978 = EDGE_LOOP('',(#2979,#2989,#2995,#2996));
#2979 = ORIENTED_EDGE('',*,*,#2980,.F.);
#2980 = EDGE_CURVE('',#2981,#2983,#2985,.T.);
#2981 = VERTEX_POINT('',#2982);
#2982 = CARTESIAN_POINT('',(170.5,-23.,100.5));
#2983 = VERTEX_POINT('',#2984);
#2984 = CARTESIAN_POINT('',(170.5,-23.,81.5));
#2985 = LINE('',#2986,#2987);
#2986 = CARTESIAN_POINT('',(170.5,-23.,103.5));
#2987 = VECTOR('',#2988,1.);
#2988 = DIRECTION('',(0.,2.22044604925E-16,-1.));
#2989 = ORIENTED_EDGE('',*,*,#2990,.F.);
#2990 = EDGE_CURVE('',#1897,#2981,#2991,.T.);
#2991 = LINE('',#2992,#2993);
#2992 = CARTESIAN_POINT('',(170.5,-121.,100.5));
#2993 = VECTOR('',#2994,1.);
#2994 = DIRECTION('',(0.,1.,2.22044604925E-16));
#2995 = ORIENTED_EDGE('',*,*,#1896,.F.);
#2996 = ORIENTED_EDGE('',*,*,#2997,.T.);
#2997 = EDGE_CURVE('',#1888,#2983,#2998,.T.);
#2998 = LINE('',#2999,#3000);
#2999 = CARTESIAN_POINT('',(170.5,-121.,81.5));
#3000 = VECTOR('',#3001,1.);
#3001 = DIRECTION('',(0.,1.,2.22044604925E-16));
#3002 = PLANE('',#3003);
#3003 = AXIS2_PLACEMENT_3D('',#3004,#3005,#3006);
#3004 = CARTESIAN_POINT('',(170.5,-72.,91.));
#3005 = DIRECTION('',(1.,0.,0.));
#3006 = DIRECTION('',(0.,-1.,-2.22044604925E-16));
#3007 = ADVANCED_FACE('',(#3008),#3019,.T.);
#3008 = FACE_BOUND('',#3009,.F.);
#3009 = EDGE_LOOP('',(#3010,#3011,#3018));
#3010 = ORIENTED_EDGE('',*,*,#1963,.F.);
#3011 = ORIENTED_EDGE('',*,*,#3012,.T.);
#3012 = EDGE_CURVE('',#1954,#1897,#3013,.T.);
#3013 = CIRCLE('',#3014,3.);
#3014 = AXIS2_PLACEMENT_3D('',#3015,#3016,#3017);
#3015 = CARTESIAN_POINT('',(167.5,-118.,100.5));
#3016 = DIRECTION('',(6.123233995737E-17,1.,2.22044604925E-16));
#3017 = DIRECTION('',(1.,-6.123233995737E-17,-1.359631073447E-32));
#3018 = ORIENTED_EDGE('',*,*,#1904,.F.);
#3019 = SPHERICAL_SURFACE('',#3020,3.);
#3020 = AXIS2_PLACEMENT_3D('',#3021,#3022,#3023);
#3021 = CARTESIAN_POINT('',(167.5,-118.,100.5));
#3022 = DIRECTION('',(0.,2.22044604925E-16,-1.));
#3023 = DIRECTION('',(0.,-1.,-2.22044604925E-16));
#3024 = ADVANCED_FACE('',(#3025),#3036,.T.);
#3025 = FACE_BOUND('',#3026,.T.);
#3026 = EDGE_LOOP('',(#3027,#3028,#3035));
#3027 = ORIENTED_EDGE('',*,*,#2044,.F.);
#3028 = ORIENTED_EDGE('',*,*,#3029,.T.);
#3029 = EDGE_CURVE('',#2009,#1922,#3030,.T.);
#3030 = CIRCLE('',#3031,3.);
#3031 = AXIS2_PLACEMENT_3D('',#3032,#3033,#3034);
#3032 = CARTESIAN_POINT('',(27.5,-118.,175.5));
#3033 = DIRECTION('',(-0.,-1.,-6.123233995737E-17));
#3034 = DIRECTION('',(0.,-6.123233995737E-17,1.));
#3035 = ORIENTED_EDGE('',*,*,#1921,.F.);
#3036 = SPHERICAL_SURFACE('',#3037,3.);
#3037 = AXIS2_PLACEMENT_3D('',#3038,#3039,#3040);
#3038 = CARTESIAN_POINT('',(27.5,-118.,175.5));
#3039 = DIRECTION('',(-1.,-0.,-0.));
#3040 = DIRECTION('',(0.,-1.,0.));
#3041 = ADVANCED_FACE('',(#3042),#3067,.T.);
#3042 = FACE_BOUND('',#3043,.T.);
#3043 = EDGE_LOOP('',(#3044,#3054,#3060,#3061));
#3044 = ORIENTED_EDGE('',*,*,#3045,.F.);
#3045 = EDGE_CURVE('',#3046,#3048,#3050,.T.);
#3046 = VERTEX_POINT('',#3047);
#3047 = CARTESIAN_POINT('',(8.5,-23.,178.5));
#3048 = VERTEX_POINT('',#3049);
#3049 = CARTESIAN_POINT('',(27.5,-23.,178.5));
#3050 = LINE('',#3051,#3052);
#3051 = CARTESIAN_POINT('',(5.5,-23.,178.5));
#3052 = VECTOR('',#3053,1.);
#3053 = DIRECTION('',(1.,0.,0.));
#3054 = ORIENTED_EDGE('',*,*,#3055,.F.);
#3055 = EDGE_CURVE('',#1931,#3046,#3056,.T.);
#3056 = LINE('',#3057,#3058);
#3057 = CARTESIAN_POINT('',(8.5,-121.,178.5));
#3058 = VECTOR('',#3059,1.);
#3059 = DIRECTION('',(0.,1.,-2.22044604925E-16));
#3060 = ORIENTED_EDGE('',*,*,#1930,.F.);
#3061 = ORIENTED_EDGE('',*,*,#3062,.T.);
#3062 = EDGE_CURVE('',#1922,#3048,#3063,.T.);
#3063 = LINE('',#3064,#3065);
#3064 = CARTESIAN_POINT('',(27.5,-121.,178.5));
#3065 = VECTOR('',#3066,1.);
#3066 = DIRECTION('',(0.,1.,2.22044604925E-16));
#3067 = PLANE('',#3068);
#3068 = AXIS2_PLACEMENT_3D('',#3069,#3070,#3071);
#3069 = CARTESIAN_POINT('',(18.,-72.,178.5));
#3070 = DIRECTION('',(0.,-2.22044604925E-16,1.));
#3071 = DIRECTION('',(0.,-1.,-2.22044604925E-16));
#3072 = ADVANCED_FACE('',(#3073),#3078,.F.);
#3073 = FACE_BOUND('',#3074,.F.);
#3074 = EDGE_LOOP('',(#3075,#3076,#3077));
#3075 = ORIENTED_EDGE('',*,*,#2016,.T.);
#3076 = ORIENTED_EDGE('',*,*,#2559,.F.);
#3077 = ORIENTED_EDGE('',*,*,#1971,.F.);
#3078 = ( BOUNDED_SURFACE() B_SPLINE_SURFACE(2,12,(
    (#3079,#3080,#3081,#3082,#3083,#3084,#3085,#3086,#3087,#3088,#3089
      ,#3090,#3091,#3092,#3093,#3094,#3095,#3096,#3097,#3098,#3099,#3100
      ,#3101,#3102)
    ,(#3103,#3104,#3105,#3106,#3107,#3108,#3109,#3110,#3111,#3112,#3113
      ,#3114,#3115,#3116,#3117,#3118,#3119,#3120,#3121,#3122,#3123,#3124
      ,#3125,#3126)
    ,(#3127,#3128,#3129,#3130,#3131,#3132,#3133,#3134,#3135,#3136,#3137
      ,#3138,#3139,#3140,#3141,#3142,#3143,#3144,#3145,#3146,#3147,#3148
      ,#3149,#3150
)),.UNSPECIFIED.,.F.,.F.,.F.) B_SPLINE_SURFACE_WITH_KNOTS((3,3),(13,11,
    13),(0.,5.730296682996),(5.602600224524E-10,2.865148342058,
5.730296683556),.UNSPECIFIED.) GEOMETRIC_REPRESENTATION_ITEM() 
RATIONAL_B_SPLINE_SURFACE((
    (1.,1.,1.,1.000000000001,0.999999999998,1.000000000003
      ,0.999999999996,1.000000000003,0.999999999998,1.000000000001,1.,1.
      ,1.,1.,1.000000000001,0.999999999997,1.000000000004,0.999999999996
      ,1.000000000004,0.999999999998,1.000000000001,1.,1.,1.)
    ,(1.,1.,0.999302057151,0.997913490118,0.995825046805,0.993019684781
      ,0.989475043315,0.985159607296,0.980022562653,0.973977343726
      ,0.966878872144,0.95849448758,0.938442652662,0.926735031672
      ,0.91336073791,0.895918397469,0.879953497878,0.850041896106
      ,0.830653251722,0.787858788051,0.750155536049,0.721421691158
      ,0.707106781187,0.707106781187)
    ,(1.,1.,1.,1.000000000001,0.999999999998,1.000000000003
      ,0.999999999996,1.000000000003,0.999999999998,1.000000000001,1.,1.
      ,1.,1.,1.000000000001,0.999999999997,1.000000000004,0.999999999996
      ,1.000000000004,0.999999999998,1.000000000001,1.,1.,1.
))) REPRESENTATION_ITEM('') SURFACE() );
#3079 = CARTESIAN_POINT('',(27.500000000717,-121.,100.5));
#3080 = CARTESIAN_POINT('',(27.785598025168,-120.9999999999,
    100.60709925969));
#3081 = CARTESIAN_POINT('',(28.0712082308,-120.9957986293,
    100.71421613166));
#3082 = CARTESIAN_POINT('',(28.356968277923,-120.9874732595,
    100.82125326197));
#3083 = CARTESIAN_POINT('',(28.643067671985,-120.9749826696,
    100.92817501932));
#3084 = CARTESIAN_POINT('',(28.929770144471,-120.9582504922,
    101.03497500012));
#3085 = CARTESIAN_POINT('',(29.217471394151,-120.9372049365,
    101.14166946099));
#3086 = CARTESIAN_POINT('',(29.506792188795,-120.9117747865,
    101.24831667929));
#3087 = CARTESIAN_POINT('',(29.798706826931,-120.8818416769,
    101.35506224162));
#3088 = CARTESIAN_POINT('',(30.094706960065,-120.8471486446,
    101.46221026023));
#3089 = CARTESIAN_POINT('',(30.397000775028,-120.8071649566,
    101.57032051751));
#3090 = CARTESIAN_POINT('',(30.708747536663,-120.760907215,
    101.68033153836));
#3091 = CARTESIAN_POINT('',(31.35990744484,-120.6525262592,
    101.90708764275));
#3092 = CARTESIAN_POINT('',(31.699566478449,-120.5903708297,
    102.02411046478));
#3093 = CARTESIAN_POINT('',(32.055085920577,-120.5181280931,
    102.14385637817));
#3094 = CARTESIAN_POINT('',(32.444946929971,-120.4351233839,
    102.28002754567));
#3095 = CARTESIAN_POINT('',(32.832914087768,-120.3276815372,
    102.40139259781));
#3096 = CARTESIAN_POINT('',(33.327934792982,-120.2179676624,
    102.58305058059));
#3097 = CARTESIAN_POINT('',(33.755607621932,-120.0260233134,
    102.72854560768));
#3098 = CARTESIAN_POINT('',(34.355152625688,-119.8552324479,
    102.93771355239));
#3099 = CARTESIAN_POINT('',(34.896561613655,-119.5073561899,
    103.20311184917));
#3100 = CARTESIAN_POINT('',(35.299088315038,-119.0474160931,
    103.39997965236));
#3101 = CARTESIAN_POINT('',(35.5,-118.5235963785,103.5));
#3102 = CARTESIAN_POINT('',(35.5,-118.,103.5));
#3103 = CARTESIAN_POINT('',(27.500000000277,-121.,100.50000000064));
#3104 = CARTESIAN_POINT('',(27.696348642245,-120.9999999999,
    100.69634864261));
#3105 = CARTESIAN_POINT('',(27.892935667407,-120.9888830183,
    100.89293566736));
#3106 = CARTESIAN_POINT('',(28.089011491199,-120.9665684019,
    101.08901149092));
#3107 = CARTESIAN_POINT('',(28.283695778352,-120.9330840018,
    101.28369577813));
#3108 = CARTESIAN_POINT('',(28.476109099182,-120.8885291351,
    101.47610909918));
#3109 = CARTESIAN_POINT('',(28.665445166888,-120.8330415132,
    101.66544516706));
#3110 = CARTESIAN_POINT('',(28.850992427602,-120.7667668355,
    101.85099242778));
#3111 = CARTESIAN_POINT('',(29.0321125579,-120.689827779,102.03211255795
    ));
#3112 = CARTESIAN_POINT('',(29.208181914288,-120.6022870328,
    102.20818191417));
#3113 = CARTESIAN_POINT('',(29.378500096994,-120.5040966969,
    102.37850009685));
#3114 = CARTESIAN_POINT('',(29.542167216125,-120.3950234206,
    102.54216721612));
#3115 = CARTESIAN_POINT('',(29.857015661738,-120.1514708433,
    102.85701566173));
#3116 = CARTESIAN_POINT('',(30.008729245016,-120.0156645751,
    103.00872924501));
#3117 = CARTESIAN_POINT('',(30.15446016191,-119.8655364322,
    103.1544601619));
#3118 = CARTESIAN_POINT('',(30.279727368961,-119.7009229341,
    103.27972736896));
#3119 = CARTESIAN_POINT('',(30.421077324701,-119.5186274545,
    103.42107732469));
#3120 = CARTESIAN_POINT('',(30.486686389553,-119.3066092578,
    103.48668638956));
#3121 = CARTESIAN_POINT('',(30.608159416301,-119.1036569568,
    103.60815941629));
#3122 = CARTESIAN_POINT('',(30.612301707954,-118.8077376315,
    103.61230170795));
#3123 = CARTESIAN_POINT('',(30.569581464924,-118.587682929,
    103.56958146492));
#3124 = CARTESIAN_POINT('',(30.524613621655,-118.384553962,
    103.52461362165));
#3125 = CARTESIAN_POINT('',(30.5,-118.1963486419,103.5));
#3126 = CARTESIAN_POINT('',(30.5,-118.,103.5));
#3127 = CARTESIAN_POINT('',(27.5,-121.,100.50000000112));
#3128 = CARTESIAN_POINT('',(27.607099259323,-120.9999999999,
    100.78559802553));
#3129 = CARTESIAN_POINT('',(27.714216131713,-120.9957986293,
    101.07120823075));
#3130 = CARTESIAN_POINT('',(27.821253262246,-120.9874732595,
    101.35696827764));
#3131 = CARTESIAN_POINT('',(27.928175019534,-120.9749826696,
    101.64306767177));
#3132 = CARTESIAN_POINT('',(28.034975000124,-120.9582504922,
    101.92977014446));
#3133 = CARTESIAN_POINT('',(28.141669460824,-120.9372049365,
    102.21747139432));
#3134 = CARTESIAN_POINT('',(28.248316679114,-120.9117747865,
    102.50679218897));
#3135 = CARTESIAN_POINT('',(28.355062241573,-120.8818416769,
    102.79870682698));
#3136 = CARTESIAN_POINT('',(28.462210260341,-120.8471486446,
    103.09470695995));
#3137 = CARTESIAN_POINT('',(28.570320517651,-120.8071649566,
    103.39700077489));
#3138 = CARTESIAN_POINT('',(28.68033153836,-120.760907215,
    103.70874753666));
#3139 = CARTESIAN_POINT('',(28.907087642759,-120.6525262592,
    104.35990744484));
#3140 = CARTESIAN_POINT('',(29.024110464784,-120.5903708297,
    104.69956647844));
#3141 = CARTESIAN_POINT('',(29.143856378173,-120.5181280931,
    105.05508592057));
#3142 = CARTESIAN_POINT('',(29.280027545676,-120.4351233839,
    105.44494692997));
#3143 = CARTESIAN_POINT('',(29.401392597811,-120.3276815372,
    105.83291408776));
#3144 = CARTESIAN_POINT('',(29.583050580596,-120.2179676624,
    106.32793479298));
#3145 = CARTESIAN_POINT('',(29.728545607685,-120.0260233134,
    106.75560762192));
#3146 = CARTESIAN_POINT('',(29.937713552394,-119.8552324479,
    107.35515262569));
#3147 = CARTESIAN_POINT('',(30.203111849178,-119.5073561899,
    107.89656161365));
#3148 = CARTESIAN_POINT('',(30.39997965236,-119.0474160931,
    108.29908831503));
#3149 = CARTESIAN_POINT('',(30.5,-118.5235963785,108.5));
#3150 = CARTESIAN_POINT('',(30.5,-118.,108.5));
#3151 = ADVANCED_FACE('',(#3152),#3177,.F.);
#3152 = FACE_BOUND('',#3153,.F.);
#3153 = EDGE_LOOP('',(#3154,#3162,#3170,#3176));
#3154 = ORIENTED_EDGE('',*,*,#3155,.F.);
#3155 = EDGE_CURVE('',#3156,#2069,#3158,.T.);
#3156 = VERTEX_POINT('',#3157);
#3157 = CARTESIAN_POINT('',(12.9,-101.,101.3));
#3158 = LINE('',#3159,#3160);
#3159 = CARTESIAN_POINT('',(12.9,-101.,101.3));
#3160 = VECTOR('',#3161,1.);
#3161 = DIRECTION('',(0.,-1.,-2.22044604925E-16));
#3162 = ORIENTED_EDGE('',*,*,#3163,.F.);
#3163 = EDGE_CURVE('',#3164,#3156,#3166,.T.);
#3164 = VERTEX_POINT('',#3165);
#3165 = CARTESIAN_POINT('',(12.9,-101.,83.3));
#3166 = LINE('',#3167,#3168);
#3167 = CARTESIAN_POINT('',(12.9,-101.,83.3));
#3168 = VECTOR('',#3169,1.);
#3169 = DIRECTION('',(0.,-2.22044604925E-16,1.));
#3170 = ORIENTED_EDGE('',*,*,#3171,.T.);
#3171 = EDGE_CURVE('',#3164,#2060,#3172,.T.);
#3172 = LINE('',#3173,#3174);
#3173 = CARTESIAN_POINT('',(12.9,-101.,83.3));
#3174 = VECTOR('',#3175,1.);
#3175 = DIRECTION('',(0.,-1.,-2.22044604925E-16));
#3176 = ORIENTED_EDGE('',*,*,#2068,.T.);
#3177 = PLANE('',#3178);
#3178 = AXIS2_PLACEMENT_3D('',#3179,#3180,#3181);
#3179 = CARTESIAN_POINT('',(12.9,-101.,83.3));
#3180 = DIRECTION('',(-1.,0.,0.));
#3181 = DIRECTION('',(0.,-2.22044604925E-16,1.));
#3182 = ADVANCED_FACE('',(#3183),#3201,.F.);
#3183 = FACE_BOUND('',#3184,.F.);
#3184 = EDGE_LOOP('',(#3185,#3186,#3194,#3200));
#3185 = ORIENTED_EDGE('',*,*,#3171,.F.);
#3186 = ORIENTED_EDGE('',*,*,#3187,.F.);
#3187 = EDGE_CURVE('',#3188,#3164,#3190,.T.);
#3188 = VERTEX_POINT('',#3189);
#3189 = CARTESIAN_POINT('',(23.1,-101.,83.3));
#3190 = LINE('',#3191,#3192);
#3191 = CARTESIAN_POINT('',(23.1,-101.,83.3));
#3192 = VECTOR('',#3193,1.);
#3193 = DIRECTION('',(-1.,0.,0.));
#3194 = ORIENTED_EDGE('',*,*,#3195,.T.);
#3195 = EDGE_CURVE('',#3188,#2093,#3196,.T.);
#3196 = LINE('',#3197,#3198);
#3197 = CARTESIAN_POINT('',(23.1,-101.,83.3));
#3198 = VECTOR('',#3199,1.);
#3199 = DIRECTION('',(0.,-1.,-2.22044604925E-16));
#3200 = ORIENTED_EDGE('',*,*,#2101,.T.);
#3201 = PLANE('',#3202);
#3202 = AXIS2_PLACEMENT_3D('',#3203,#3204,#3205);
#3203 = CARTESIAN_POINT('',(23.1,-101.,83.3));
#3204 = DIRECTION('',(0.,2.22044604925E-16,-1.));
#3205 = DIRECTION('',(-1.,0.,0.));
#3206 = ADVANCED_FACE('',(#3207),#3248,.T.);
#3207 = FACE_BOUND('',#3208,.T.);
#3208 = EDGE_LOOP('',(#3209,#3217,#3218,#3219,#3227,#3233,#3234,#3242));
#3209 = ORIENTED_EDGE('',*,*,#3210,.T.);
#3210 = EDGE_CURVE('',#3211,#2119,#3213,.T.);
#3211 = VERTEX_POINT('',#3212);
#3212 = CARTESIAN_POINT('',(23.1,-101.,101.3));
#3213 = LINE('',#3214,#3215);
#3214 = CARTESIAN_POINT('',(23.1,-101.,101.3));
#3215 = VECTOR('',#3216,1.);
#3216 = DIRECTION('',(0.,-1.,-2.22044604925E-16));
#3217 = ORIENTED_EDGE('',*,*,#2118,.F.);
#3218 = ORIENTED_EDGE('',*,*,#3155,.F.);
#3219 = ORIENTED_EDGE('',*,*,#3220,.F.);
#3220 = EDGE_CURVE('',#3221,#3156,#3223,.T.);
#3221 = VERTEX_POINT('',#3222);
#3222 = CARTESIAN_POINT('',(10.3,-101.,101.3));
#3223 = LINE('',#3224,#3225);
#3224 = CARTESIAN_POINT('',(10.3,-101.,101.3));
#3225 = VECTOR('',#3226,1.);
#3226 = DIRECTION('',(1.,0.,0.));
#3227 = ORIENTED_EDGE('',*,*,#3228,.T.);
#3228 = EDGE_CURVE('',#3221,#2740,#3229,.T.);
#3229 = LINE('',#3230,#3231);
#3230 = CARTESIAN_POINT('',(10.3,-101.,101.3));
#3231 = VECTOR('',#3232,1.);
#3232 = DIRECTION('',(0.,1.,2.22044604925E-16));
#3233 = ORIENTED_EDGE('',*,*,#2747,.T.);
#3234 = ORIENTED_EDGE('',*,*,#3235,.F.);
#3235 = EDGE_CURVE('',#3236,#2748,#3238,.T.);
#3236 = VERTEX_POINT('',#3237);
#3237 = CARTESIAN_POINT('',(25.7,-101.,101.3));
#3238 = LINE('',#3239,#3240);
#3239 = CARTESIAN_POINT('',(25.7,-101.,101.3));
#3240 = VECTOR('',#3241,1.);
#3241 = DIRECTION('',(0.,1.,2.22044604925E-16));
#3242 = ORIENTED_EDGE('',*,*,#3243,.F.);
#3243 = EDGE_CURVE('',#3211,#3236,#3244,.T.);
#3244 = LINE('',#3245,#3246);
#3245 = CARTESIAN_POINT('',(10.3,-101.,101.3));
#3246 = VECTOR('',#3247,1.);
#3247 = DIRECTION('',(1.,0.,0.));
#3248 = PLANE('',#3249);
#3249 = AXIS2_PLACEMENT_3D('',#3250,#3251,#3252);
#3250 = CARTESIAN_POINT('',(18.,-97.63907284768,101.3));
#3251 = DIRECTION('',(0.,2.22044604925E-16,-1.));
#3252 = DIRECTION('',(0.,1.,2.22044604925E-16));
#3253 = ADVANCED_FACE('',(#3254),#3265,.F.);
#3254 = FACE_BOUND('',#3255,.F.);
#3255 = EDGE_LOOP('',(#3256,#3257,#3263,#3264));
#3256 = ORIENTED_EDGE('',*,*,#3195,.F.);
#3257 = ORIENTED_EDGE('',*,*,#3258,.F.);
#3258 = EDGE_CURVE('',#3211,#3188,#3259,.T.);
#3259 = LINE('',#3260,#3261);
#3260 = CARTESIAN_POINT('',(23.1,-101.,101.3));
#3261 = VECTOR('',#3262,1.);
#3262 = DIRECTION('',(0.,2.22044604925E-16,-1.));
#3263 = ORIENTED_EDGE('',*,*,#3210,.T.);
#3264 = ORIENTED_EDGE('',*,*,#2143,.T.);
#3265 = PLANE('',#3266);
#3266 = AXIS2_PLACEMENT_3D('',#3267,#3268,#3269);
#3267 = CARTESIAN_POINT('',(23.1,-101.,101.3));
#3268 = DIRECTION('',(1.,0.,0.));
#3269 = DIRECTION('',(0.,2.22044604925E-16,-1.));
#3270 = ADVANCED_FACE('',(#3271),#3289,.F.);
#3271 = FACE_BOUND('',#3272,.F.);
#3272 = EDGE_LOOP('',(#3273,#3274,#3281,#3288));
#3273 = ORIENTED_EDGE('',*,*,#2204,.T.);
#3274 = ORIENTED_EDGE('',*,*,#3275,.T.);
#3275 = EDGE_CURVE('',#2205,#3276,#3278,.T.);
#3276 = VERTEX_POINT('',#3277);
#3277 = CARTESIAN_POINT('',(23.76689746953,-29.1,-48.19997787475));
#3278 = B_SPLINE_CURVE_WITH_KNOTS('',1,(#3279,#3280),.UNSPECIFIED.,.F.,
  .F.,(2,2),(0.,1.),.PIECEWISE_BEZIER_KNOTS.);
#3279 = CARTESIAN_POINT('',(25.149984359741,-25.3,-48.19997787475));
#3280 = CARTESIAN_POINT('',(23.76689746953,-29.1,-48.19997787475));
#3281 = ORIENTED_EDGE('',*,*,#3282,.F.);
#3282 = EDGE_CURVE('',#3276,#3276,#3283,.T.);
#3283 = CIRCLE('',#3284,5.866913109788);
#3284 = AXIS2_PLACEMENT_3D('',#3285,#3286,#3287);
#3285 = CARTESIAN_POINT('',(17.899984359741,-29.1,-48.19997787475));
#3286 = DIRECTION('',(0.,-1.,-2.2E-16));
#3287 = DIRECTION('',(1.,0.,0.));
#3288 = ORIENTED_EDGE('',*,*,#3275,.F.);
#3289 = CONICAL_SURFACE('',#3290,7.25,0.349065850399);
#3290 = AXIS2_PLACEMENT_3D('',#3291,#3292,#3293);
#3291 = CARTESIAN_POINT('',(17.899984359741,-25.3,-48.19997787475));
#3292 = DIRECTION('',(0.,1.,-2.2E-16));
#3293 = DIRECTION('',(1.,0.,0.));
#3294 = ADVANCED_FACE('',(#3295,#3306),#3309,.T.);
#3295 = FACE_BOUND('',#3296,.T.);
#3296 = EDGE_LOOP('',(#3297));
#3297 = ORIENTED_EDGE('',*,*,#3298,.T.);
#3298 = EDGE_CURVE('',#3299,#3299,#3301,.T.);
#3299 = VERTEX_POINT('',#3300);
#3300 = CARTESIAN_POINT('',(-49.55,-25.3,90.8));
#3301 = CIRCLE('',#3302,7.25);
#3302 = AXIS2_PLACEMENT_3D('',#3303,#3304,#3305);
#3303 = CARTESIAN_POINT('',(-56.8,-25.3,90.8));
#3304 = DIRECTION('',(0.,-1.,-2.2E-16));
#3305 = DIRECTION('',(1.,0.,0.));
#3306 = FACE_BOUND('',#3307,.T.);
#3307 = EDGE_LOOP('',(#3308));
#3308 = ORIENTED_EDGE('',*,*,#2352,.F.);
#3309 = PLANE('',#3310);
#3310 = AXIS2_PLACEMENT_3D('',#3311,#3312,#3313);
#3311 = CARTESIAN_POINT('',(-56.8,-25.3,90.8));
#3312 = DIRECTION('',(0.,-1.,2.2E-16));
#3313 = DIRECTION('',(1.,0.,0.));
#3314 = ADVANCED_FACE('',(#3315),#3327,.T.);
#3315 = FACE_BOUND('',#3316,.F.);
#3316 = EDGE_LOOP('',(#3317,#3318,#3319,#3326));
#3317 = ORIENTED_EDGE('',*,*,#2947,.F.);
#3318 = ORIENTED_EDGE('',*,*,#2997,.T.);
#3319 = ORIENTED_EDGE('',*,*,#3320,.F.);
#3320 = EDGE_CURVE('',#2388,#2983,#3321,.T.);
#3321 = CIRCLE('',#3322,3.);
#3322 = AXIS2_PLACEMENT_3D('',#3323,#3324,#3325);
#3323 = CARTESIAN_POINT('',(167.5,-23.,81.5));
#3324 = DIRECTION('',(-0.,-1.,-2.22044604925E-16));
#3325 = DIRECTION('',(0.,-2.22044604925E-16,1.));
#3326 = ORIENTED_EDGE('',*,*,#2395,.F.);
#3327 = CYLINDRICAL_SURFACE('',#3328,3.);
#3328 = AXIS2_PLACEMENT_3D('',#3329,#3330,#3331);
#3329 = CARTESIAN_POINT('',(167.5,-121.,81.5));
#3330 = DIRECTION('',(0.,1.,2.22044604925E-16));
#3331 = DIRECTION('',(0.,2.22044604925E-16,-1.));
#3332 = ADVANCED_FACE('',(#3333),#3345,.T.);
#3333 = FACE_BOUND('',#3334,.F.);
#3334 = EDGE_LOOP('',(#3335,#3336,#3337,#3344));
#3335 = ORIENTED_EDGE('',*,*,#2412,.T.);
#3336 = ORIENTED_EDGE('',*,*,#2379,.T.);
#3337 = ORIENTED_EDGE('',*,*,#3338,.F.);
#3338 = EDGE_CURVE('',#2468,#2380,#3339,.T.);
#3339 = CIRCLE('',#3340,1.5);
#3340 = AXIS2_PLACEMENT_3D('',#3341,#3342,#3343);
#3341 = CARTESIAN_POINT('',(147.,-23.,80.));
#3342 = DIRECTION('',(-0.,-1.,-2.22044604925E-16));
#3343 = DIRECTION('',(0.,-2.22044604925E-16,1.));
#3344 = ORIENTED_EDGE('',*,*,#2467,.F.);
#3345 = CYLINDRICAL_SURFACE('',#3346,1.5);
#3346 = AXIS2_PLACEMENT_3D('',#3347,#3348,#3349);
#3347 = CARTESIAN_POINT('',(147.,-86.,80.));
#3348 = DIRECTION('',(0.,1.,2.22044604925E-16));
#3349 = DIRECTION('',(-1.,0.,0.));
#3350 = ADVANCED_FACE('',(#3351,#3373),#3384,.T.);
#3351 = FACE_BOUND('',#3352,.T.);
#3352 = EDGE_LOOP('',(#3353,#3354,#3361,#3362,#3363,#3364,#3365,#3366));
#3353 = ORIENTED_EDGE('',*,*,#2512,.T.);
#3354 = ORIENTED_EDGE('',*,*,#3355,.T.);
#3355 = EDGE_CURVE('',#2505,#2981,#3356,.T.);
#3356 = CIRCLE('',#3357,3.);
#3357 = AXIS2_PLACEMENT_3D('',#3358,#3359,#3360);
#3358 = CARTESIAN_POINT('',(167.5,-23.,100.5));
#3359 = DIRECTION('',(-0.,1.,2.22044604925E-16));
#3360 = DIRECTION('',(0.,-2.22044604925E-16,1.));
#3361 = ORIENTED_EDGE('',*,*,#2980,.T.);
#3362 = ORIENTED_EDGE('',*,*,#3320,.F.);
#3363 = ORIENTED_EDGE('',*,*,#2387,.T.);
#3364 = ORIENTED_EDGE('',*,*,#3338,.F.);
#3365 = ORIENTED_EDGE('',*,*,#2475,.T.);
#3366 = ORIENTED_EDGE('',*,*,#3367,.T.);
#3367 = EDGE_CURVE('',#2476,#2513,#3368,.T.);
#3368 = CIRCLE('',#3369,1.5);
#3369 = AXIS2_PLACEMENT_3D('',#3370,#3371,#3372);
#3370 = CARTESIAN_POINT('',(147.,-23.,102.));
#3371 = DIRECTION('',(0.,1.,2.22044604925E-16));
#3372 = DIRECTION('',(0.,2.22044604925E-16,-1.));
#3373 = FACE_BOUND('',#3374,.T.);
#3374 = EDGE_LOOP('',(#3375));
#3375 = ORIENTED_EDGE('',*,*,#3376,.F.);
#3376 = EDGE_CURVE('',#3377,#3377,#3379,.T.);
#3377 = VERTEX_POINT('',#3378);
#3378 = CARTESIAN_POINT('',(164.75003051757,-23.,91.600021362305));
#3379 = CIRCLE('',#3380,6.75);
#3380 = AXIS2_PLACEMENT_3D('',#3381,#3382,#3383);
#3381 = CARTESIAN_POINT('',(158.00003051757,-23.,91.600021362305));
#3382 = DIRECTION('',(0.,1.,-2.2E-16));
#3383 = DIRECTION('',(1.,0.,0.));
#3384 = PLANE('',#3385);
#3385 = AXIS2_PLACEMENT_3D('',#3386,#3387,#3388);
#3386 = CARTESIAN_POINT('',(34.25,-23.,74.75));
#3387 = DIRECTION('',(0.,1.,2.246590682361E-16));
#3388 = DIRECTION('',(0.,-2.246590682361E-16,1.));
#3389 = ADVANCED_FACE('',(#3390),#3396,.T.);
#3390 = FACE_BOUND('',#3391,.F.);
#3391 = EDGE_LOOP('',(#3392,#3393,#3394,#3395));
#3392 = ORIENTED_EDGE('',*,*,#3367,.T.);
#3393 = ORIENTED_EDGE('',*,*,#2520,.T.);
#3394 = ORIENTED_EDGE('',*,*,#2440,.F.);
#3395 = ORIENTED_EDGE('',*,*,#2483,.F.);
#3396 = CYLINDRICAL_SURFACE('',#3397,1.5);
#3397 = AXIS2_PLACEMENT_3D('',#3398,#3399,#3400);
#3398 = CARTESIAN_POINT('',(147.,-23.,102.));
#3399 = DIRECTION('',(-0.,-1.,-2.22044604925E-16));
#3400 = DIRECTION('',(-1.,0.,0.));
#3401 = ADVANCED_FACE('',(#3402),#3408,.T.);
#3402 = FACE_BOUND('',#3403,.T.);
#3403 = EDGE_LOOP('',(#3404,#3405,#3406,#3407));
#3404 = ORIENTED_EDGE('',*,*,#3012,.T.);
#3405 = ORIENTED_EDGE('',*,*,#2990,.T.);
#3406 = ORIENTED_EDGE('',*,*,#3355,.F.);
#3407 = ORIENTED_EDGE('',*,*,#2504,.F.);
#3408 = CYLINDRICAL_SURFACE('',#3409,3.);
#3409 = AXIS2_PLACEMENT_3D('',#3410,#3411,#3412);
#3410 = CARTESIAN_POINT('',(167.5,-121.,100.5));
#3411 = DIRECTION('',(0.,1.,2.22044604925E-16));
#3412 = DIRECTION('',(0.,-2.22044604925E-16,1.));
#3413 = ADVANCED_FACE('',(#3414),#3426,.T.);
#3414 = FACE_BOUND('',#3415,.T.);
#3415 = EDGE_LOOP('',(#3416,#3417,#3418,#3425));
#3416 = ORIENTED_EDGE('',*,*,#2964,.F.);
#3417 = ORIENTED_EDGE('',*,*,#3055,.T.);
#3418 = ORIENTED_EDGE('',*,*,#3419,.F.);
#3419 = EDGE_CURVE('',#2583,#3046,#3420,.T.);
#3420 = CIRCLE('',#3421,3.);
#3421 = AXIS2_PLACEMENT_3D('',#3422,#3423,#3424);
#3422 = CARTESIAN_POINT('',(8.5,-23.,175.5));
#3423 = DIRECTION('',(0.,1.,-2.22044604925E-16));
#3424 = DIRECTION('',(0.,2.22044604925E-16,1.));
#3425 = ORIENTED_EDGE('',*,*,#2582,.F.);
#3426 = CYLINDRICAL_SURFACE('',#3427,3.);
#3427 = AXIS2_PLACEMENT_3D('',#3428,#3429,#3430);
#3428 = CARTESIAN_POINT('',(8.5,-121.,175.5));
#3429 = DIRECTION('',(0.,1.,-2.22044604925E-16));
#3430 = DIRECTION('',(-1.,0.,0.));
#3431 = ADVANCED_FACE('',(#3432),#3444,.T.);
#3432 = FACE_BOUND('',#3433,.F.);
#3433 = EDGE_LOOP('',(#3434,#3435,#3436,#3443));
#3434 = ORIENTED_EDGE('',*,*,#2624,.T.);
#3435 = ORIENTED_EDGE('',*,*,#2717,.T.);
#3436 = ORIENTED_EDGE('',*,*,#3437,.F.);
#3437 = EDGE_CURVE('',#2591,#2710,#3438,.T.);
#3438 = CIRCLE('',#3439,1.5);
#3439 = AXIS2_PLACEMENT_3D('',#3440,#3441,#3442);
#3440 = CARTESIAN_POINT('',(7.,-23.,155.));
#3441 = DIRECTION('',(-0.,-1.,-2.22044604925E-16));
#3442 = DIRECTION('',(0.,-2.22044604925E-16,1.));
#3443 = ORIENTED_EDGE('',*,*,#2598,.F.);
#3444 = CYLINDRICAL_SURFACE('',#3445,1.5);
#3445 = AXIS2_PLACEMENT_3D('',#3446,#3447,#3448);
#3446 = CARTESIAN_POINT('',(7.,-86.,155.));
#3447 = DIRECTION('',(0.,1.,2.22044604925E-16));
#3448 = DIRECTION('',(-1.,0.,0.));
#3449 = ADVANCED_FACE('',(#3450,#3472),#3483,.T.);
#3450 = FACE_BOUND('',#3451,.T.);
#3451 = EDGE_LOOP('',(#3452,#3453,#3460,#3461,#3462,#3463,#3464,#3465));
#3452 = ORIENTED_EDGE('',*,*,#2659,.T.);
#3453 = ORIENTED_EDGE('',*,*,#3454,.F.);
#3454 = EDGE_CURVE('',#2702,#2652,#3455,.T.);
#3455 = CIRCLE('',#3456,1.5);
#3456 = AXIS2_PLACEMENT_3D('',#3457,#3458,#3459);
#3457 = CARTESIAN_POINT('',(29.,-23.,155.));
#3458 = DIRECTION('',(-0.,-1.,-2.22044604925E-16));
#3459 = DIRECTION('',(0.,-2.22044604925E-16,1.));
#3460 = ORIENTED_EDGE('',*,*,#2709,.T.);
#3461 = ORIENTED_EDGE('',*,*,#3437,.F.);
#3462 = ORIENTED_EDGE('',*,*,#2590,.T.);
#3463 = ORIENTED_EDGE('',*,*,#3419,.T.);
#3464 = ORIENTED_EDGE('',*,*,#3045,.T.);
#3465 = ORIENTED_EDGE('',*,*,#3466,.F.);
#3466 = EDGE_CURVE('',#2660,#3048,#3467,.T.);
#3467 = CIRCLE('',#3468,3.);
#3468 = AXIS2_PLACEMENT_3D('',#3469,#3470,#3471);
#3469 = CARTESIAN_POINT('',(27.5,-23.,175.5));
#3470 = DIRECTION('',(-0.,-1.,-2.22044604925E-16));
#3471 = DIRECTION('',(0.,-2.22044604925E-16,1.));
#3472 = FACE_BOUND('',#3473,.T.);
#3473 = EDGE_LOOP('',(#3474));
#3474 = ORIENTED_EDGE('',*,*,#3475,.F.);
#3475 = EDGE_CURVE('',#3476,#3476,#3478,.T.);
#3476 = VERTEX_POINT('',#3477);
#3477 = CARTESIAN_POINT('',(24.749990463257,-23.,164.90002441406));
#3478 = CIRCLE('',#3479,6.75);
#3479 = AXIS2_PLACEMENT_3D('',#3480,#3481,#3482);
#3480 = CARTESIAN_POINT('',(17.999990463257,-23.,164.90002441406));
#3481 = DIRECTION('',(0.,1.,-2.2E-16));
#3482 = DIRECTION('',(1.,0.,0.));
#3483 = PLANE('',#3484);
#3484 = AXIS2_PLACEMENT_3D('',#3485,#3486,#3487);
#3485 = CARTESIAN_POINT('',(34.25,-23.,74.75));
#3486 = DIRECTION('',(0.,1.,2.246590682361E-16));
#3487 = DIRECTION('',(0.,-2.246590682361E-16,1.));
#3488 = ADVANCED_FACE('',(#3489),#3495,.T.);
#3489 = FACE_BOUND('',#3490,.F.);
#3490 = EDGE_LOOP('',(#3491,#3492,#3493,#3494));
#3491 = ORIENTED_EDGE('',*,*,#3029,.T.);
#3492 = ORIENTED_EDGE('',*,*,#3062,.T.);
#3493 = ORIENTED_EDGE('',*,*,#3466,.F.);
#3494 = ORIENTED_EDGE('',*,*,#2667,.F.);
#3495 = CYLINDRICAL_SURFACE('',#3496,3.);
#3496 = AXIS2_PLACEMENT_3D('',#3497,#3498,#3499);
#3497 = CARTESIAN_POINT('',(27.5,-121.,175.5));
#3498 = DIRECTION('',(0.,1.,2.22044604925E-16));
#3499 = DIRECTION('',(1.,0.,0.));
#3500 = ADVANCED_FACE('',(#3501),#3507,.T.);
#3501 = FACE_BOUND('',#3502,.F.);
#3502 = EDGE_LOOP('',(#3503,#3504,#3505,#3506));
#3503 = ORIENTED_EDGE('',*,*,#2684,.T.);
#3504 = ORIENTED_EDGE('',*,*,#2651,.T.);
#3505 = ORIENTED_EDGE('',*,*,#3454,.F.);
#3506 = ORIENTED_EDGE('',*,*,#2701,.F.);
#3507 = CYLINDRICAL_SURFACE('',#3508,1.5);
#3508 = AXIS2_PLACEMENT_3D('',#3509,#3510,#3511);
#3509 = CARTESIAN_POINT('',(29.,-86.,155.));
#3510 = DIRECTION('',(0.,1.,2.22044604925E-16));
#3511 = DIRECTION('',(0.,2.22044604925E-16,-1.));
#3512 = ADVANCED_FACE('',(#3513),#3531,.T.);
#3513 = FACE_BOUND('',#3514,.T.);
#3514 = EDGE_LOOP('',(#3515,#3523,#3524,#3525));
#3515 = ORIENTED_EDGE('',*,*,#3516,.T.);
#3516 = EDGE_CURVE('',#3517,#2738,#3519,.T.);
#3517 = VERTEX_POINT('',#3518);
#3518 = CARTESIAN_POINT('',(10.3,-101.,80.7));
#3519 = LINE('',#3520,#3521);
#3520 = CARTESIAN_POINT('',(10.3,-101.,80.7));
#3521 = VECTOR('',#3522,1.);
#3522 = DIRECTION('',(0.,1.,2.22044604925E-16));
#3523 = ORIENTED_EDGE('',*,*,#2737,.T.);
#3524 = ORIENTED_EDGE('',*,*,#3228,.F.);
#3525 = ORIENTED_EDGE('',*,*,#3526,.F.);
#3526 = EDGE_CURVE('',#3517,#3221,#3527,.T.);
#3527 = LINE('',#3528,#3529);
#3528 = CARTESIAN_POINT('',(10.3,-101.,80.7));
#3529 = VECTOR('',#3530,1.);
#3530 = DIRECTION('',(0.,-2.22044604925E-16,1.));
#3531 = PLANE('',#3532);
#3532 = AXIS2_PLACEMENT_3D('',#3533,#3534,#3535);
#3533 = CARTESIAN_POINT('',(10.3,-101.,80.7));
#3534 = DIRECTION('',(1.,0.,0.));
#3535 = DIRECTION('',(0.,-2.22044604925E-16,1.));
#3536 = ADVANCED_FACE('',(#3537),#3555,.T.);
#3537 = FACE_BOUND('',#3538,.T.);
#3538 = EDGE_LOOP('',(#3539,#3540,#3541,#3549));
#3539 = ORIENTED_EDGE('',*,*,#3235,.T.);
#3540 = ORIENTED_EDGE('',*,*,#2755,.T.);
#3541 = ORIENTED_EDGE('',*,*,#3542,.F.);
#3542 = EDGE_CURVE('',#3543,#2756,#3545,.T.);
#3543 = VERTEX_POINT('',#3544);
#3544 = CARTESIAN_POINT('',(25.7,-101.,80.7));
#3545 = LINE('',#3546,#3547);
#3546 = CARTESIAN_POINT('',(25.7,-101.,80.7));
#3547 = VECTOR('',#3548,1.);
#3548 = DIRECTION('',(0.,1.,2.22044604925E-16));
#3549 = ORIENTED_EDGE('',*,*,#3550,.F.);
#3550 = EDGE_CURVE('',#3236,#3543,#3551,.T.);
#3551 = LINE('',#3552,#3553);
#3552 = CARTESIAN_POINT('',(25.7,-101.,101.3));
#3553 = VECTOR('',#3554,1.);
#3554 = DIRECTION('',(0.,2.22044604925E-16,-1.));
#3555 = PLANE('',#3556);
#3556 = AXIS2_PLACEMENT_3D('',#3557,#3558,#3559);
#3557 = CARTESIAN_POINT('',(25.7,-101.,101.3));
#3558 = DIRECTION('',(-1.,0.,0.));
#3559 = DIRECTION('',(0.,2.22044604925E-16,-1.));
#3560 = ADVANCED_FACE('',(#3561),#3572,.T.);
#3561 = FACE_BOUND('',#3562,.T.);
#3562 = EDGE_LOOP('',(#3563,#3564,#3565,#3566));
#3563 = ORIENTED_EDGE('',*,*,#3542,.T.);
#3564 = ORIENTED_EDGE('',*,*,#2763,.T.);
#3565 = ORIENTED_EDGE('',*,*,#3516,.F.);
#3566 = ORIENTED_EDGE('',*,*,#3567,.F.);
#3567 = EDGE_CURVE('',#3543,#3517,#3568,.T.);
#3568 = LINE('',#3569,#3570);
#3569 = CARTESIAN_POINT('',(25.7,-101.,80.7));
#3570 = VECTOR('',#3571,1.);
#3571 = DIRECTION('',(-1.,0.,0.));
#3572 = PLANE('',#3573);
#3573 = AXIS2_PLACEMENT_3D('',#3574,#3575,#3576);
#3574 = CARTESIAN_POINT('',(25.7,-101.,80.7));
#3575 = DIRECTION('',(0.,-2.22044604925E-16,1.));
#3576 = DIRECTION('',(-1.,0.,0.));
#3577 = ADVANCED_FACE('',(#3578),#3588,.T.);
#3578 = FACE_BOUND('',#3579,.T.);
#3579 = EDGE_LOOP('',(#3580,#3581,#3582,#3583,#3584,#3585,#3586,#3587));
#3580 = ORIENTED_EDGE('',*,*,#3550,.T.);
#3581 = ORIENTED_EDGE('',*,*,#3567,.T.);
#3582 = ORIENTED_EDGE('',*,*,#3526,.T.);
#3583 = ORIENTED_EDGE('',*,*,#3220,.T.);
#3584 = ORIENTED_EDGE('',*,*,#3163,.F.);
#3585 = ORIENTED_EDGE('',*,*,#3187,.F.);
#3586 = ORIENTED_EDGE('',*,*,#3258,.F.);
#3587 = ORIENTED_EDGE('',*,*,#3243,.T.);
#3588 = PLANE('',#3589);
#3589 = AXIS2_PLACEMENT_3D('',#3590,#3591,#3592);
#3590 = CARTESIAN_POINT('',(35.942708333333,-101.,73.057291666667));
#3591 = DIRECTION('',(0.,1.,-2.22044604925E-16));
#3592 = DIRECTION('',(0.,2.22044604925E-16,1.));
#3593 = ADVANCED_FACE('',(#3594),#3597,.F.);
#3594 = FACE_BOUND('',#3595,.F.);
#3595 = EDGE_LOOP('',(#3596));
#3596 = ORIENTED_EDGE('',*,*,#3282,.T.);
#3597 = PLANE('',#3598);
#3598 = AXIS2_PLACEMENT_3D('',#3599,#3600,#3601);
#3599 = CARTESIAN_POINT('',(17.899984359741,-29.1,-48.19997787475));
#3600 = DIRECTION('',(0.,-1.,2.2E-16));
#3601 = DIRECTION('',(1.,0.,0.));
#3602 = ADVANCED_FACE('',(#3603),#3621,.F.);
#3603 = FACE_BOUND('',#3604,.F.);
#3604 = EDGE_LOOP('',(#3605,#3606,#3613,#3620));
#3605 = ORIENTED_EDGE('',*,*,#3298,.T.);
#3606 = ORIENTED_EDGE('',*,*,#3607,.T.);
#3607 = EDGE_CURVE('',#3299,#3608,#3610,.T.);
#3608 = VERTEX_POINT('',#3609);
#3609 = CARTESIAN_POINT('',(-50.93308689021,-29.1,90.8));
#3610 = B_SPLINE_CURVE_WITH_KNOTS('',1,(#3611,#3612),.UNSPECIFIED.,.F.,
  .F.,(2,2),(0.,1.),.PIECEWISE_BEZIER_KNOTS.);
#3611 = CARTESIAN_POINT('',(-49.55,-25.3,90.8));
#3612 = CARTESIAN_POINT('',(-50.93308689021,-29.1,90.8));
#3613 = ORIENTED_EDGE('',*,*,#3614,.F.);
#3614 = EDGE_CURVE('',#3608,#3608,#3615,.T.);
#3615 = CIRCLE('',#3616,5.866913109788);
#3616 = AXIS2_PLACEMENT_3D('',#3617,#3618,#3619);
#3617 = CARTESIAN_POINT('',(-56.8,-29.1,90.8));
#3618 = DIRECTION('',(0.,-1.,-2.2E-16));
#3619 = DIRECTION('',(1.,0.,0.));
#3620 = ORIENTED_EDGE('',*,*,#3607,.F.);
#3621 = CONICAL_SURFACE('',#3622,7.25,0.349065850399);
#3622 = AXIS2_PLACEMENT_3D('',#3623,#3624,#3625);
#3623 = CARTESIAN_POINT('',(-56.8,-25.3,90.8));
#3624 = DIRECTION('',(0.,1.,-2.2E-16));
#3625 = DIRECTION('',(1.,0.,0.));
#3626 = ADVANCED_FACE('',(#3627),#3646,.F.);
#3627 = FACE_BOUND('',#3628,.T.);
#3628 = EDGE_LOOP('',(#3629,#3630,#3638,#3645));
#3629 = ORIENTED_EDGE('',*,*,#3376,.T.);
#3630 = ORIENTED_EDGE('',*,*,#3631,.T.);
#3631 = EDGE_CURVE('',#3377,#3632,#3634,.T.);
#3632 = VERTEX_POINT('',#3633);
#3633 = CARTESIAN_POINT('',(164.75003051757,-25.30000686645,
    91.600021362305));
#3634 = LINE('',#3635,#3636);
#3635 = CARTESIAN_POINT('',(164.75003051757,-22.90000686645,
    91.600021362305));
#3636 = VECTOR('',#3637,1.);
#3637 = DIRECTION('',(0.,-1.,2.2E-16));
#3638 = ORIENTED_EDGE('',*,*,#3639,.T.);
#3639 = EDGE_CURVE('',#3632,#3632,#3640,.T.);
#3640 = CIRCLE('',#3641,6.75);
#3641 = AXIS2_PLACEMENT_3D('',#3642,#3643,#3644);
#3642 = CARTESIAN_POINT('',(158.00003051757,-25.30000686645,
    91.600021362305));
#3643 = DIRECTION('',(0.,-1.,-2.2E-16));
#3644 = DIRECTION('',(1.,0.,0.));
#3645 = ORIENTED_EDGE('',*,*,#3631,.F.);
#3646 = CYLINDRICAL_SURFACE('',#3647,6.75);
#3647 = AXIS2_PLACEMENT_3D('',#3648,#3649,#3650);
#3648 = CARTESIAN_POINT('',(158.00003051757,-22.90000686645,
    91.600021362305));
#3649 = DIRECTION('',(0.,1.,-2.2E-16));
#3650 = DIRECTION('',(1.,0.,0.));
#3651 = ADVANCED_FACE('',(#3652),#3671,.F.);
#3652 = FACE_BOUND('',#3653,.T.);
#3653 = EDGE_LOOP('',(#3654,#3655,#3663,#3670));
#3654 = ORIENTED_EDGE('',*,*,#3475,.T.);
#3655 = ORIENTED_EDGE('',*,*,#3656,.T.);
#3656 = EDGE_CURVE('',#3476,#3657,#3659,.T.);
#3657 = VERTEX_POINT('',#3658);
#3658 = CARTESIAN_POINT('',(24.749990463257,-25.30000782012,
    164.90002441406));
#3659 = LINE('',#3660,#3661);
#3660 = CARTESIAN_POINT('',(24.749990463257,-22.90000782012,
    164.90002441406));
#3661 = VECTOR('',#3662,1.);
#3662 = DIRECTION('',(0.,-1.,2.2E-16));
#3663 = ORIENTED_EDGE('',*,*,#3664,.T.);
#3664 = EDGE_CURVE('',#3657,#3657,#3665,.T.);
#3665 = CIRCLE('',#3666,6.75);
#3666 = AXIS2_PLACEMENT_3D('',#3667,#3668,#3669);
#3667 = CARTESIAN_POINT('',(17.999990463257,-25.30000782012,
    164.90002441406));
#3668 = DIRECTION('',(0.,-1.,-2.2E-16));
#3669 = DIRECTION('',(1.,0.,0.));
#3670 = ORIENTED_EDGE('',*,*,#3656,.F.);
#3671 = CYLINDRICAL_SURFACE('',#3672,6.75);
#3672 = AXIS2_PLACEMENT_3D('',#3673,#3674,#3675);
#3673 = CARTESIAN_POINT('',(17.999990463257,-22.90000782012,
    164.90002441406));
#3674 = DIRECTION('',(0.,1.,-2.2E-16));
#3675 = DIRECTION('',(1.,0.,0.));
#3676 = ADVANCED_FACE('',(#3677),#3680,.F.);
#3677 = FACE_BOUND('',#3678,.F.);
#3678 = EDGE_LOOP('',(#3679));
#3679 = ORIENTED_EDGE('',*,*,#3614,.T.);
#3680 = PLANE('',#3681);
#3681 = AXIS2_PLACEMENT_3D('',#3682,#3683,#3684);
#3682 = CARTESIAN_POINT('',(-56.8,-29.1,90.8));
#3683 = DIRECTION('',(0.,-1.,2.2E-16));
#3684 = DIRECTION('',(1.,0.,0.));
#3685 = ADVANCED_FACE('',(#3686,#3697),#3700,.T.);
#3686 = FACE_BOUND('',#3687,.T.);
#3687 = EDGE_LOOP('',(#3688));
#3688 = ORIENTED_EDGE('',*,*,#3689,.T.);
#3689 = EDGE_CURVE('',#3690,#3690,#3692,.T.);
#3690 = VERTEX_POINT('',#3691);
#3691 = CARTESIAN_POINT('',(165.25003051757,-25.30000686645,
    91.600021362305));
#3692 = CIRCLE('',#3693,7.25);
#3693 = AXIS2_PLACEMENT_3D('',#3694,#3695,#3696);
#3694 = CARTESIAN_POINT('',(158.00003051757,-25.30000686645,
    91.600021362305));
#3695 = DIRECTION('',(0.,-1.,-2.2E-16));
#3696 = DIRECTION('',(1.,0.,0.));
#3697 = FACE_BOUND('',#3698,.T.);
#3698 = EDGE_LOOP('',(#3699));
#3699 = ORIENTED_EDGE('',*,*,#3639,.F.);
#3700 = PLANE('',#3701);
#3701 = AXIS2_PLACEMENT_3D('',#3702,#3703,#3704);
#3702 = CARTESIAN_POINT('',(158.00003051757,-25.30000686645,
    91.600021362305));
#3703 = DIRECTION('',(0.,-1.,2.2E-16));
#3704 = DIRECTION('',(1.,0.,0.));
#3705 = ADVANCED_FACE('',(#3706,#3717),#3720,.T.);
#3706 = FACE_BOUND('',#3707,.T.);
#3707 = EDGE_LOOP('',(#3708));
#3708 = ORIENTED_EDGE('',*,*,#3709,.T.);
#3709 = EDGE_CURVE('',#3710,#3710,#3712,.T.);
#3710 = VERTEX_POINT('',#3711);
#3711 = CARTESIAN_POINT('',(25.249990463257,-25.30000782012,
    164.90002441406));
#3712 = CIRCLE('',#3713,7.25);
#3713 = AXIS2_PLACEMENT_3D('',#3714,#3715,#3716);
#3714 = CARTESIAN_POINT('',(17.999990463257,-25.30000782012,
    164.90002441406));
#3715 = DIRECTION('',(0.,-1.,-2.2E-16));
#3716 = DIRECTION('',(1.,0.,0.));
#3717 = FACE_BOUND('',#3718,.T.);
#3718 = EDGE_LOOP('',(#3719));
#3719 = ORIENTED_EDGE('',*,*,#3664,.F.);
#3720 = PLANE('',#3721);
#3721 = AXIS2_PLACEMENT_3D('',#3722,#3723,#3724);
#3722 = CARTESIAN_POINT('',(17.999990463257,-25.30000782012,
    164.90002441406));
#3723 = DIRECTION('',(0.,-1.,2.2E-16));
#3724 = DIRECTION('',(1.,0.,0.));
#3725 = ADVANCED_FACE('',(#3726),#3744,.F.);
#3726 = FACE_BOUND('',#3727,.F.);
#3727 = EDGE_LOOP('',(#3728,#3729,#3736,#3743));
#3728 = ORIENTED_EDGE('',*,*,#3689,.T.);
#3729 = ORIENTED_EDGE('',*,*,#3730,.T.);
#3730 = EDGE_CURVE('',#3690,#3731,#3733,.T.);
#3731 = VERTEX_POINT('',#3732);
#3732 = CARTESIAN_POINT('',(163.86694362736,-29.10000686645,
    91.600021362305));
#3733 = B_SPLINE_CURVE_WITH_KNOTS('',1,(#3734,#3735),.UNSPECIFIED.,.F.,
  .F.,(2,2),(0.,1.),.PIECEWISE_BEZIER_KNOTS.);
#3734 = CARTESIAN_POINT('',(165.25003051757,-25.30000686645,
    91.600021362305));
#3735 = CARTESIAN_POINT('',(163.86694362736,-29.10000686645,
    91.600021362305));
#3736 = ORIENTED_EDGE('',*,*,#3737,.F.);
#3737 = EDGE_CURVE('',#3731,#3731,#3738,.T.);
#3738 = CIRCLE('',#3739,5.866913109788);
#3739 = AXIS2_PLACEMENT_3D('',#3740,#3741,#3742);
#3740 = CARTESIAN_POINT('',(158.00003051757,-29.10000686645,
    91.600021362305));
#3741 = DIRECTION('',(0.,-1.,-2.2E-16));
#3742 = DIRECTION('',(1.,0.,0.));
#3743 = ORIENTED_EDGE('',*,*,#3730,.F.);
#3744 = CONICAL_SURFACE('',#3745,7.25,0.349065850399);
#3745 = AXIS2_PLACEMENT_3D('',#3746,#3747,#3748);
#3746 = CARTESIAN_POINT('',(158.00003051757,-25.30000686645,
    91.600021362305));
#3747 = DIRECTION('',(0.,1.,-2.2E-16));
#3748 = DIRECTION('',(1.,0.,0.));
#3749 = ADVANCED_FACE('',(#3750),#3768,.F.);
#3750 = FACE_BOUND('',#3751,.F.);
#3751 = EDGE_LOOP('',(#3752,#3753,#3760,#3767));
#3752 = ORIENTED_EDGE('',*,*,#3709,.T.);
#3753 = ORIENTED_EDGE('',*,*,#3754,.T.);
#3754 = EDGE_CURVE('',#3710,#3755,#3757,.T.);
#3755 = VERTEX_POINT('',#3756);
#3756 = CARTESIAN_POINT('',(23.866903573045,-29.10000782012,
    164.90002441406));
#3757 = B_SPLINE_CURVE_WITH_KNOTS('',1,(#3758,#3759),.UNSPECIFIED.,.F.,
  .F.,(2,2),(0.,1.),.PIECEWISE_BEZIER_KNOTS.);
#3758 = CARTESIAN_POINT('',(25.249990463257,-25.30000782012,
    164.90002441406));
#3759 = CARTESIAN_POINT('',(23.866903573045,-29.10000782012,
    164.90002441406));
#3760 = ORIENTED_EDGE('',*,*,#3761,.F.);
#3761 = EDGE_CURVE('',#3755,#3755,#3762,.T.);
#3762 = CIRCLE('',#3763,5.866913109788);
#3763 = AXIS2_PLACEMENT_3D('',#3764,#3765,#3766);
#3764 = CARTESIAN_POINT('',(17.999990463257,-29.10000782012,
    164.90002441406));
#3765 = DIRECTION('',(0.,-1.,-2.2E-16));
#3766 = DIRECTION('',(1.,0.,0.));
#3767 = ORIENTED_EDGE('',*,*,#3754,.F.);
#3768 = CONICAL_SURFACE('',#3769,7.25,0.349065850399);
#3769 = AXIS2_PLACEMENT_3D('',#3770,#3771,#3772);
#3770 = CARTESIAN_POINT('',(17.999990463257,-25.30000782012,
    164.90002441406));
#3771 = DIRECTION('',(0.,1.,-2.2E-16));
#3772 = DIRECTION('',(1.,0.,0.));
#3773 = ADVANCED_FACE('',(#3774),#3777,.F.);
#3774 = FACE_BOUND('',#3775,.F.);
#3775 = EDGE_LOOP('',(#3776));
#3776 = ORIENTED_EDGE('',*,*,#3737,.T.);
#3777 = PLANE('',#3778);
#3778 = AXIS2_PLACEMENT_3D('',#3779,#3780,#3781);
#3779 = CARTESIAN_POINT('',(158.00003051757,-29.10000686645,
    91.600021362305));
#3780 = DIRECTION('',(0.,-1.,2.2E-16));
#3781 = DIRECTION('',(1.,0.,0.));
#3782 = ADVANCED_FACE('',(#3783),#3786,.F.);
#3783 = FACE_BOUND('',#3784,.F.);
#3784 = EDGE_LOOP('',(#3785));
#3785 = ORIENTED_EDGE('',*,*,#3761,.T.);
#3786 = PLANE('',#3787);
#3787 = AXIS2_PLACEMENT_3D('',#3788,#3789,#3790);
#3788 = CARTESIAN_POINT('',(17.999990463257,-29.10000782012,
    164.90002441406));
#3789 = DIRECTION('',(0.,-1.,2.2E-16));
#3790 = DIRECTION('',(1.,0.,0.));
#3791 = ( GEOMETRIC_REPRESENTATION_CONTEXT(3) 
GLOBAL_UNCERTAINTY_ASSIGNED_CONTEXT((#3795)) 
GLOBAL_UNIT_ASSIGNED_CONTEXT((#3792,#3793,#3794)) REPRESENTATION_CONTEXT
('Context #1','3D Context with UNIT and UNCERTAINTY') );
#3792 = ( LENGTH_UNIT() NAMED_UNIT(*) SI_UNIT(.MILLI.,.METRE.) );
#3793 = ( NAMED_UNIT(*) PLANE_ANGLE_UNIT() SI_UNIT($,.RADIAN.) );
#3794 = ( NAMED_UNIT(*) SI_UNIT($,.STERADIAN.) SOLID_ANGLE_UNIT() );
#3795 = UNCERTAINTY_MEASURE_WITH_UNIT(LENGTH_MEASURE(1.E-05),#3792,
  'distance_accuracy_value','confusion accuracy');
#3796 = PRODUCT_RELATED_PRODUCT_CATEGORY('part',$,(#7));
#3797 = MECHANICAL_DESIGN_GEOMETRIC_PRESENTATION_REPRESENTATION('',(
    #3798),#3791);
#3798 = STYLED_ITEM('color',(#3799),#15);
#3799 = PRESENTATION_STYLE_ASSIGNMENT((#3800,#3806));
#3800 = SURFACE_STYLE_USAGE(.BOTH.,#3801);
#3801 = SURFACE_SIDE_STYLE('',(#3802));
#3802 = SURFACE_STYLE_FILL_AREA(#3803);
#3803 = FILL_AREA_STYLE('',(#3804));
#3804 = FILL_AREA_STYLE_COLOUR('',#3805);
#3805 = COLOUR_RGB('',0.447059003357,0.474510015008,0.501960993452);
#3806 = CURVE_STYLE('',#3807,POSITIVE_LENGTH_MEASURE(0.1),#3808);
#3807 = DRAUGHTING_PRE_DEFINED_CURVE_FONT('continuous');
#3808 = COLOUR_RGB('',9.803921802644E-02,9.803921802644E-02,
  9.803921802644E-02);
ENDSEC;
END-ISO-10303-21;
